level,what,area,bandwidth,n,type,season,year,area_km,int_m2,int_km2
0.95,estimate,23787170046,13454.55788,3082,gps,autumn,2011,23787.17005,10105097492,10105.09749
0.9,estimate,19527318645,13454.55788,3082,gps,autumn,2011,19527.31865,9340900303,9340.900303
0.5,estimate,6735965642,13454.55788,3082,gps,autumn,2011,6735.965642,4347240127,4347.240127
0.95,estimate,17898254133,11417.65784,1694,gps,autumn,2012,17898.25413,8291237708,8291.237708
0.9,estimate,15067963644,11417.65784,1694,gps,autumn,2012,15067.96364,7407184312,7407.184312
0.5,estimate,5566447254,11417.65784,1694,gps,autumn,2012,5566.447254,3594609668,3594.609668
0.95,estimate,35504390460,16939.348,1154,gps,autumn,2013,35504.39046,11957161247,11957.16125
0.9,estimate,29257386390,16939.348,1154,gps,autumn,2013,29257.38639,11425727483,11425.72748
0.5,estimate,7875557703,16939.348,1154,gps,autumn,2013,7875.557703,5948328526,5948.328526
0.95,estimate,23378041901,10766.18384,5135,gps,autumn,2014,23378.0419,12600602460,12600.60246
0.9,estimate,19590696074,10766.18384,5135,gps,autumn,2014,19590.69607,11557555164,11557.55516
0.5,estimate,6481188711,10766.18384,5135,gps,autumn,2014,6481.188711,4561406290,4561.40629
0.95,estimate,23013468809,9038.076748,10397,gps,autumn,2015,23013.46881,13108967612,13108.96761
0.9,estimate,18835266888,9038.076748,10397,gps,autumn,2015,18835.26689,11721193229,11721.19323
0.5,estimate,6254468522,9038.076748,10397,gps,autumn,2015,6254.468522,4499251291,4499.251291
0.95,estimate,16635787536,7144.601365,13881,gps,autumn,2016,16635.78754,12500095114,12500.09511
0.9,estimate,13499404493,7144.601365,13881,gps,autumn,2016,13499.40449,11211322130,11211.32213
0.5,estimate,5098824676,7144.601365,13881,gps,autumn,2016,5098.824676,4657186537,4657.186537
0.95,estimate,23886184140,9203.498775,14121,gps,autumn,2017,23886.18414,14114482650,14114.48265
0.9,estimate,20483582020,9203.498775,14121,gps,autumn,2017,20483.58202,13652336510,13652.33651
0.5,estimate,8543867312,9203.498775,14121,gps,autumn,2017,8543.867312,5815011260,5815.01126
0.95,estimate,21978162797,9330.619189,15142,gps,autumn,2018,21978.1628,12368908779,12368.90878
0.9,estimate,18668732746,9330.619189,15142,gps,autumn,2018,18668.73275,11406280378,11406.28038
0.5,estimate,6260421212,9330.619189,15142,gps,autumn,2018,6260.421212,4298062310,4298.06231
0.95,estimate,19675313667,8753.409369,10806,gps,autumn,2019,19675.31367,12629434314,12629.43431
0.9,estimate,16446802974,8753.409369,10806,gps,autumn,2019,16446.80297,11589580520,11589.58052
0.5,estimate,6729088689,8753.409369,10806,gps,autumn,2019,6729.088689,6234775030,6234.77503
0.95,estimate,25145794207,11891.81427,5677,gps,autumn,2020,25145.79421,13889762385,13889.76238
0.9,estimate,21611948661,11891.81427,5677,gps,autumn,2020,21611.94866,13162987106,13162.98711
0.5,estimate,7866897152,11891.81427,5677,gps,autumn,2020,7866.897152,4249759526,4249.759526
0.95,estimate,8087668674,8181.018338,1191,gps,calving,2011,8087.668674,7190456934,7190.456934
0.9,estimate,6134712260,8181.018338,1191,gps,calving,2011,6134.71226,5578837096,5578.837096
0.5,estimate,1872158716,8181.018338,1191,gps,calving,2011,1872.158716,1794196934,1794.196934
0.95,estimate,7854567510,8295.014596,893,gps,calving,2012,7854.56751,7491286701,7491.286701
0.9,estimate,6634148351,8295.014596,893,gps,calving,2012,6634.148351,6429137726,6429.137726
0.5,estimate,2420023056,8295.014596,893,gps,calving,2012,2420.023056,2420023056,2420.023056
0.95,estimate,8365897826,9610.031273,705,gps,calving,2013,8365.897826,6802878622,6802.878622
0.9,estimate,6793730483,9610.031273,705,gps,calving,2013,6793.730483,5736730879,5736.730879
0.5,estimate,2188884208,9610.031273,705,gps,calving,2013,2188.884208,2063191063,2063.191063
0.95,estimate,12601674778,9485.242897,2090,gps,calving,2014,12601.67478,11211910098,11211.9101
0.9,estimate,9302120512,9485.242897,2090,gps,calving,2014,9302.120512,9261499719,9261.499719
0.5,estimate,2382131216,9485.242897,2090,gps,calving,2014,2382.131216,2382131216,2382.131216
0.95,estimate,4905473006,5060.646486,4058,gps,calving,2015,4905.473006,4905473006,4905.473006
0.9,estimate,3958407744,5060.646486,4058,gps,calving,2015,3958.407744,3958407744,3958.407744
0.5,estimate,1225571904,5060.646486,4058,gps,calving,2015,1225.571904,1225571904,1225.571904
0.95,estimate,7222064245,6410.955628,5250,gps,calving,2016,7222.064245,5918493063,5918.493063
0.9,estimate,5695377510,6410.955628,5250,gps,calving,2016,5695.37751,4738658077,4738.658077
0.5,estimate,1492408229,6410.955628,5250,gps,calving,2016,1492.408229,1142461916,1142.461916
0.95,estimate,6608120789,6430.153135,5439,gps,calving,2017,6608.120789,6037662607,6037.662607
0.9,estimate,5490351878,6430.153135,5439,gps,calving,2017,5490.351878,5182217187,5182.217187
0.5,estimate,1998161118,6430.153135,5439,gps,calving,2017,1998.161118,1985438482,1985.438482
0.95,estimate,15213054432,8207.14195,6619,gps,calving,2018,15213.05443,11603696492,11603.69649
0.9,estimate,11119475876,8207.14195,6619,gps,calving,2018,11119.47588,9631530045,9631.530045
0.5,estimate,3334845887,8207.14195,6619,gps,calving,2018,3334.845887,3334845887,3334.845887
0.95,estimate,8651763615,7201.037346,4978,gps,calving,2019,8651.763615,8227266512,8227.266512
0.9,estimate,6910896926,7201.037346,4978,gps,calving,2019,6910.896926,6718903915,6718.903915
0.5,estimate,2257458945,7201.037346,4978,gps,calving,2019,2257.458945,2257458945,2257.458945
0.95,estimate,6340537933,6489.018885,2614,gps,calving,2020,6340.537933,6182654099,6182.654099
0.9,estimate,4603288298,6489.018885,2614,gps,calving,2020,4603.288298,4532506241,4532.506241
0.5,estimate,1030721963,6489.018885,2614,gps,calving,2020,1030.721963,1030721963,1030.721963
0.95,estimate,4960713400,5254.75632,3990,gps,calving,2021,4960.7134,4918157742,4918.157742
0.9,estimate,3877608268,5254.75632,3990,gps,calving,2021,3877.608268,3874430478,3874.430478
0.5,estimate,1138014264,5254.75632,3990,gps,calving,2021,1138.014264,1138014264,1138.014264
0.95,estimate,14750607425,9406.438848,2261,gps,postcalving,2011,14750.60743,12662998840,12662.99884
0.9,estimate,12587364832,9406.438848,2261,gps,postcalving,2011,12587.36483,11587505174,11587.50517
0.5,estimate,4737536795,9406.438848,2261,gps,postcalving,2011,4737.536795,4737536795,4737.536795
0.95,estimate,9178641066,7076.682854,1700,gps,postcalving,2012,9178.641066,8732222708,8732.222708
0.9,estimate,7653800130,7076.682854,1700,gps,postcalving,2012,7653.80013,7520088404,7520.088404
0.5,estimate,2656460997,7076.682854,1700,gps,postcalving,2012,2656.460997,2656460997,2656.460997
0.95,estimate,5893851878,6846.010379,1379,gps,postcalving,2013,5893.851878,5067063427,5067.063427
0.9,estimate,4881228844,6846.010379,1379,gps,postcalving,2013,4881.228844,4321117441,4321.117441
0.5,estimate,1835798787,6846.010379,1379,gps,postcalving,2013,1835.798787,1755549786,1755.549786
0.95,estimate,9414810064,7027.126164,3773,gps,postcalving,2014,9414.810064,9223214305,9223.214305
0.9,estimate,7698020214,7027.126164,3773,gps,postcalving,2014,7698.020214,7654811218,7654.811218
0.5,estimate,2810561179,7027.126164,3773,gps,postcalving,2014,2810.561179,2810561179,2810.561179
0.95,estimate,5867076160,5259.963223,8039,gps,postcalving,2015,5867.07616,5501631385,5501.631385
0.9,estimate,4891320665,5259.963223,8039,gps,postcalving,2015,4891.320665,4655341709,4655.341709
0.5,estimate,1831110527,5259.963223,8039,gps,postcalving,2015,1831.110527,1804691555,1804.691555
0.95,estimate,6111118583,5088.996506,10418,gps,postcalving,2016,6111.118583,5462298585,5462.298585
0.9,estimate,5109819474,5088.996506,10418,gps,postcalving,2016,5109.819474,4745046281,4745.046281
0.5,estimate,1721013345,5088.996506,10418,gps,postcalving,2016,1721.013345,1687841617,1687.841617
0.95,estimate,11923231939,8053.75647,10854,gps,postcalving,2017,11923.23194,9118274220,9118.27422
0.9,estimate,9731245382,8053.75647,10854,gps,postcalving,2017,9731.245382,7922071979,7922.071979
0.5,estimate,3402016935,8053.75647,10854,gps,postcalving,2017,3402.016935,3127862556,3127.862556
0.95,estimate,10563302241,6985.964877,12673,gps,postcalving,2018,10563.30224,9010885846,9010.885846
0.9,estimate,8692191516,6985.964877,12673,gps,postcalving,2018,8692.191516,7885701778,7885.701778
0.5,estimate,2722014586,6985.964877,12673,gps,postcalving,2018,2722.014586,2710186841,2710.186841
0.95,estimate,17771945707,11709.19165,9452,gps,postcalving,2019,17771.94571,9671192107,9671.192107
0.9,estimate,14591980743,11709.19165,9452,gps,postcalving,2019,14591.98074,8486902704,8486.902704
0.5,estimate,5089083350,11709.19165,9452,gps,postcalving,2019,5089.08335,4230452876,4230.452876
0.95,estimate,12125828870,8248.677148,5152,gps,postcalving,2020,12125.82887,6526874351,6526.874351
0.9,estimate,9275226386,8248.677148,5152,gps,postcalving,2020,9275.226386,5107931893,5107.931893
0.5,estimate,2131385680,8248.677148,5152,gps,postcalving,2020,2131.38568,1469064666,1469.064666
0.95,estimate,11199407076,8692.142496,6820,gps,postcalving,2021,11199.40708,5698543990,5698.54399
0.9,estimate,8867101039,8692.142496,6820,gps,postcalving,2021,8867.101039,4342725314,4342.725314
0.5,estimate,2204118455,8692.142496,6820,gps,postcalving,2021,2204.118455,1197490429,1197.490429
0.95,estimate,8797897489,7414.652991,2679,gps,precalving,2011,8797.897489,8601278274,8601.278274
0.9,estimate,7142073536,7414.652991,2679,gps,precalving,2011,7142.073536,7066909059,7066.909059
0.5,estimate,2237491539,7414.652991,2679,gps,precalving,2011,2237.491539,2237491539,2237.491539
0.95,estimate,19544836963,13928.11563,1596,gps,precalving,2012,19544.83696,12502371702,12502.3717
0.9,estimate,14980315558,13928.11563,1596,gps,precalving,2012,14980.31556,11380201706,11380.20171
0.5,estimate,4559245545,13928.11563,1596,gps,precalving,2012,4559.245545,4523422781,4523.422781
0.95,estimate,4381518380,6892.398011,1596,gps,precalving,2013,4381.51838,1963502574,1963.502574
0.9,estimate,3393161275,6892.398011,1596,gps,precalving,2013,3393.161275,1585457054,1585.457054
0.5,estimate,890961737.4,6892.398011,1596,gps,precalving,2013,890.9617374,521070386.9,521.0703869
0.95,estimate,52747078265,16542.88325,4846,gps,precalving,2014,52747.07827,10309787048,10309.78705
0.9,estimate,42982132435,16542.88325,4846,gps,precalving,2014,42982.13243,9393586126,9393.586126
0.5,estimate,14872841057,16542.88325,4846,gps,precalving,2014,14872.84106,5099929329,5099.929329
0.95,estimate,15560790668,7717.815423,8762,gps,precalving,2015,15560.79067,11960941348,11960.94135
0.9,estimate,11847716347,7717.815423,8762,gps,precalving,2015,11847.71635,10019627196,10019.6272
0.5,estimate,2982344792,7717.815423,8762,gps,precalving,2015,2982.344792,2912519482,2912.519482
0.95,estimate,25123032859,11103.16096,10509,gps,precalving,2016,25123.03286,11087233111,11087.23311
0.9,estimate,18813320715,11103.16096,10509,gps,precalving,2016,18813.32072,9578918671,9578.918671
0.5,estimate,5063073657,11103.16096,10509,gps,precalving,2016,5063.073657,4341356407,4341.356407
0.95,estimate,13487037650,7387.938821,11895,gps,precalving,2017,13487.03765,9906978317,9906.978317
0.9,estimate,10144963163,7387.938821,11895,gps,precalving,2017,10144.96316,8241728279,8241.728279
0.5,estimate,2410401397,7387.938821,11895,gps,precalving,2017,2410.401397,2253501821,2253.501821
0.95,estimate,40082719434,15390.23243,14433,gps,precalving,2018,40082.71943,10313183779,10313.18378
0.9,estimate,31720574107,15390.23243,14433,gps,precalving,2018,31720.57411,8954441227,8954.441227
0.5,estimate,9306988755,15390.23243,14433,gps,precalving,2018,9306.988755,2994304579,2994.304579
0.95,estimate,10973600277,6822.377384,11090,gps,precalving,2019,10973.60028,8356703788,8356.703788
0.9,estimate,8149543279,6822.377384,11090,gps,precalving,2019,8149.543279,7076590969,7076.590969
0.5,estimate,2404354584,6822.377384,11090,gps,precalving,2019,2404.354584,2404354584,2404.354584
0.95,estimate,45832542259,18427.77192,7023,gps,precalving,2020,45832.54226,11658540167,11658.54017
0.9,estimate,35713314532,18427.77192,7023,gps,precalving,2020,35713.31453,10098377013,10098.37701
0.5,estimate,10501968444,18427.77192,7023,gps,precalving,2020,10501.96844,2260047196,2260.047196
0.95,estimate,20046255978,9149.076963,8672,gps,precalving,2021,20046.25598,12047305995,12047.30599
0.9,estimate,15079780096,9149.076963,8672,gps,precalving,2021,15079.7801,10266756930,10266.75693
0.5,estimate,4063325482,9149.076963,8672,gps,precalving,2021,4063.325482,2925392492,2925.392492
0.95,estimate,12398926544,8483.058201,3984,gps,rut,2010,12398.92654,4855113266,4855.113266
0.9,estimate,10529200177,8483.058201,3984,gps,rut,2010,10529.20018,4134566554,4134.566554
0.5,estimate,4192285616,8483.058201,3984,gps,rut,2010,4192.285616,1320846842,1320.846842
0.95,estimate,29316655980,13051.55181,3600,gps,rut,2011,29316.65598,11758835848,11758.83585
0.9,estimate,24911612343,13051.55181,3600,gps,rut,2011,24911.61234,10526431233,10526.43123
0.5,estimate,9406033709,13051.55181,3600,gps,rut,2011,9406.033709,3978778935,3978.778935
0.95,estimate,21288279685,12515.65546,2631,gps,rut,2012,21288.27969,5523711656,5523.711656
0.9,estimate,17462761785,12515.65546,2631,gps,rut,2012,17462.76179,4053178365,4053.178365
0.5,estimate,5330589274,12515.65546,2631,gps,rut,2012,5330.589274,0,0
0.95,estimate,1.18508E+11,40333.94767,1976,gps,rut,2013,118508.2945,1031258130,1031.25813
0.9,estimate,94859106376,40333.94767,1976,gps,rut,2013,94859.10638,293247373.3,293.2473733
0.5,estimate,32153443463,40333.94767,1976,gps,rut,2013,32153.44346,0,0
0.95,estimate,38583448583,14318.51488,8579,gps,rut,2014,38583.44858,12879170134,12879.17013
0.9,estimate,32011469104,14318.51488,8579,gps,rut,2014,32011.4691,11240892345,11240.89235
0.5,estimate,9821443144,14318.51488,8579,gps,rut,2014,9821.443144,2748329011,2748.329011
0.95,estimate,42427636558,13283.6232,15634,gps,rut,2015,42427.63656,5423186403,5423.186403
0.9,estimate,33407862923,13283.6232,15634,gps,rut,2015,33407.86292,2551259141,2551.259141
0.5,estimate,10760887559,13283.6232,15634,gps,rut,2015,10760.88756,29854703.13,29.85470313
0.95,estimate,21253069742,9773.112811,17417,gps,rut,2016,21253.06974,9756845776,9756.845776
0.9,estimate,17584753905,9773.112811,17417,gps,rut,2016,17584.7539,8685962967,8685.962967
0.5,estimate,5405413423,9773.112811,17417,gps,rut,2016,5405.413423,2227085437,2227.085437
0.95,estimate,51495878270,17504.83869,17864,gps,rut,2017,51495.87827,8397768891,8397.768891
0.9,estimate,40728244175,17504.83869,17864,gps,rut,2017,40728.24418,5939642189,5939.642189
0.5,estimate,9798500954,17504.83869,17864,gps,rut,2017,9798.500954,102676414.7,102.6764147
0.95,estimate,26124159737,11404.2935,15462,gps,rut,2018,26124.15974,7607274612,7607.274612
0.9,estimate,20771757543,11404.2935,15462,gps,rut,2018,20771.75754,6102443145,6102.443145
0.5,estimate,7317255637,11404.2935,15462,gps,rut,2018,7317.255637,1411844238,1411.844238
0.95,estimate,52771325296,19459.02397,14116,gps,rut,2019,52771.3253,4869669845,4869.669845
0.9,estimate,42622073574,19459.02397,14116,gps,rut,2019,42622.07357,3330571654,3330.571654
0.5,estimate,14461900301,19459.02397,14116,gps,rut,2019,14461.9003,182350859.9,182.3508599
0.95,estimate,28375863963,12774.27177,10090,gps,rut,2020,28375.86396,7666949580,7666.94958
0.9,estimate,23198402894,12774.27177,10090,gps,rut,2020,23198.40289,6842824668,6842.824668
0.5,estimate,8825024932,12774.27177,10090,gps,rut,2020,8825.024932,2854286055,2854.286055
0.95,estimate,23931990123,12090.76834,2996,gps,summer,2011,23931.99012,13289667208,13289.66721
0.9,estimate,19869685430,12090.76834,2996,gps,summer,2011,19869.68543,12235408490,12235.40849
0.5,estimate,6845350004,12090.76834,2996,gps,summer,2011,6845.350004,5495344714,5495.344714
0.95,estimate,27816369207,13014.82792,2046,gps,summer,2012,27816.36921,14288245485,14288.24549
0.9,estimate,24033013911,13014.82792,2046,gps,summer,2012,24033.01391,13840199309,13840.19931
0.5,estimate,8887060521,13014.82792,2046,gps,summer,2012,8887.060521,6835080623,6835.080623
0.95,estimate,29608993568,16395.9647,1606,gps,summer,2013,29608.99357,13053484896,13053.4849
0.9,estimate,24482536919,16395.9647,1606,gps,summer,2013,24482.53692,11969988608,11969.98861
0.5,estimate,7877331503,16395.9647,1606,gps,summer,2013,7877.331503,5405801846,5405.801846
0.95,estimate,21843936789,9997.121604,4948,gps,summer,2014,21843.93679,11523390709,11523.39071
0.9,estimate,18261799992,9997.121604,4948,gps,summer,2014,18261.79999,10793204068,10793.20407
0.5,estimate,6509357751,9997.121604,4948,gps,summer,2014,6509.357751,5234437068,5234.437068
0.95,estimate,24813504731,10308.81678,10489,gps,summer,2015,24813.50473,12800043406,12800.04341
0.9,estimate,20795169808,10308.81678,10489,gps,summer,2015,20795.16981,11348270952,11348.27095
0.5,estimate,7177040260,10308.81678,10489,gps,summer,2015,7177.04026,3362967101,3362.967101
0.95,estimate,20109522988,8493.123313,13912,gps,summer,2016,20109.52299,12963415171,12963.41517
0.9,estimate,16945519660,8493.123313,13912,gps,summer,2016,16945.51966,11479782866,11479.78287
0.5,estimate,5720206188,8493.123313,13912,gps,summer,2016,5720.206188,4529643514,4529.643514
0.95,estimate,24701057696,9338.262764,14421,gps,summer,2017,24701.0577,10220633316,10220.63332
0.9,estimate,21261919612,9338.262764,14421,gps,summer,2017,21261.91961,9301760128,9301.760128
0.5,estimate,8220742835,9338.262764,14421,gps,summer,2017,8220.742835,4230593848,4230.593848
0.95,estimate,28143938909,12951.29676,16388,gps,summer,2018,28143.93891,9441500154,9441.500154
0.9,estimate,22958181630,12951.29676,16388,gps,summer,2018,22958.18163,7615760370,7615.76037
0.5,estimate,7785874904,12951.29676,16388,gps,summer,2018,7785.874904,1897525240,1897.52524
0.95,estimate,33714576585,15888.044,12133,gps,summer,2019,33714.57659,9704869240,9704.86924
0.9,estimate,27465577457,15888.044,12133,gps,summer,2019,27465.57746,7229313463,7229.313463
0.5,estimate,9330320198,15888.044,12133,gps,summer,2019,9330.320198,2906953639,2906.953639
0.95,estimate,26886348610,14517.93667,6481,gps,summer,2020,26886.34861,9826654754,9826.654754
0.9,estimate,21774856843,14517.93667,6481,gps,summer,2020,21774.85684,9074640945,9074.640945
0.5,estimate,7582510840,14517.93667,6481,gps,summer,2020,7582.51084,3149687798,3149.687798
0.95,estimate,24905364792,11338.85619,7810,gps,winter,2011,24905.36479,12604226616,12604.22662
0.9,estimate,20227332411,11338.85619,7810,gps,winter,2011,20227.33241,11147381381,11147.38138
0.5,estimate,5659387496,11338.85619,7810,gps,winter,2011,5659.387496,4089158037,4089.158037
0.95,estimate,19794768854,12792.33013,4720,gps,winter,2012,19794.76885,5960365764,5960.365764
0.9,estimate,15832745028,12792.33013,4720,gps,winter,2012,15832.74503,4955013923,4955.013923
0.5,estimate,5019889057,12792.33013,4720,gps,winter,2012,5019.889057,1777907237,1777.907237
0.95,estimate,8156442837,6868.332281,4923,gps,winter,2013,8156.442837,529400611.4,529.4006114
0.9,estimate,6637272476,6868.332281,4923,gps,winter,2013,6637.272476,182868098.7,182.8680987
0.5,estimate,1669741912,6868.332281,4923,gps,winter,2013,1669.741912,0,0
0.95,estimate,59645563439,20845.23129,9526,gps,winter,2014,59645.56344,1787570379,1787.570379
0.9,estimate,47759997399,20845.23129,9526,gps,winter,2014,47759.9974,598972039.5,598.9720395
0.5,estimate,14311719975,20845.23129,9526,gps,winter,2014,14311.71997,0,0
0.95,estimate,27326017500,12540.07686,9875,gps,winter,2015,27326.0175,9963287069,9963.287069
0.9,estimate,22061832584,12540.07686,9875,gps,winter,2015,22061.83258,9189473069,9189.473069
0.5,estimate,6939077381,12540.07686,9875,gps,winter,2015,6939.077381,3968108723,3968.108723
0.95,estimate,55157270771,18593.51436,16500,gps,winter,2016,55157.27077,7962654687,7962.654687
0.9,estimate,45268769765,18593.51436,16500,gps,winter,2016,45268.76976,5848437244,5848.437244
0.5,estimate,14280676129,18593.51436,16500,gps,winter,2016,14280.67613,2118390379,2118.390379
0.95,estimate,17281252509,8242.011982,19317,gps,winter,2017,17281.25251,5615096051,5615.096051
0.9,estimate,12910561923,8242.011982,19317,gps,winter,2017,12910.56192,3902820197,3902.820197
0.5,estimate,3447517623,8242.011982,19317,gps,winter,2017,3447.517623,370923867,370.923867
0.95,estimate,43858554173,19959.98065,15747,gps,winter,2018,43858.55417,3803426421,3803.426421
0.9,estimate,33102886781,19959.98065,15747,gps,winter,2018,33102.88678,2032612540,2032.61254
0.5,estimate,8733076239,19959.98065,15747,gps,winter,2018,8733.076239,0,0
0.95,estimate,33932500236,13346.10188,13013,gps,winter,2019,33932.50024,8335586390,8335.58639
0.9,estimate,26159544191,13346.10188,13013,gps,winter,2019,26159.54419,5381730490,5381.73049
0.5,estimate,6978905023,13346.10188,13013,gps,winter,2019,6978.905023,720985508.6,720.9855086
0.95,estimate,45822129882,20312.3201,11758,gps,winter,2020,45822.12988,3462754496,3462.754496
0.9,estimate,33984941856,20312.3201,11758,gps,winter,2020,33984.94186,1659111022,1659.111022
0.5,estimate,7068011707,20312.3201,11758,gps,winter,2020,7068.011707,0,0
0.95,estimate,27993780448,11466.85036,11195,gps,winter,2021,27993.78045,6684509018,6684.509018
0.9,estimate,22409317031,11466.85036,11195,gps,winter,2021,22409.31703,5676745021,5676.745021
0.5,estimate,6765154403,11466.85036,11195,gps,winter,2021,6765.154403,2036694009,2036.694009
0.95,estimate,10931578420,11992.09394,78,vhf,autumn,1992,10931.57842,1732145037,1732.145037
0.9,estimate,8085232259,11992.09394,78,vhf,autumn,1992,8085.232259,803964280.8,803.9642808
0.5,estimate,2428178854,11992.09394,78,vhf,autumn,1992,2428.178854,72442534.15,72.44253415
0.95,estimate,6920600106,10152.52212,50,vhf,autumn,1993,6920.600106,6320453474,6320.453474
0.9,estimate,5301175759,10152.52212,50,vhf,autumn,1993,5301.175759,4970065734,4970.065734
0.5,estimate,1371989630,10152.52212,50,vhf,autumn,1993,1371.98963,1371989630,1371.98963
0.95,estimate,10499004126,11068.23943,138,vhf,autumn,1994,10499.00413,7879020398,7879.020398
0.9,estimate,8090780625,11068.23943,138,vhf,autumn,1994,8090.780625,6628595377,6628.595377
0.5,estimate,2440295392,11068.23943,138,vhf,autumn,1994,2440.295392,2424480835,2424.480835
0.95,estimate,16659634949,12553.46926,279,vhf,autumn,1995,16659.63495,12991063825,12991.06383
0.9,estimate,14016002458,12553.46926,279,vhf,autumn,1995,14016.00246,12250627390,12250.62739
0.5,estimate,5023189670,12553.46926,279,vhf,autumn,1995,5023.18967,5023189670,5023.18967
0.95,estimate,21799648890,15265.98899,422,vhf,autumn,1996,21799.64889,13234675450,13234.67545
0.9,estimate,18108734550,15265.98899,422,vhf,autumn,1996,18108.73455,11935315220,11935.31522
0.5,estimate,6645773356,15265.98899,422,vhf,autumn,1996,6645.773356,3848104616,3848.104616
0.95,estimate,17008423390,12046.71,568,vhf,autumn,1997,17008.42339,12893866124,12893.86612
0.9,estimate,13730270952,12046.71,568,vhf,autumn,1997,13730.27095,11279346809,11279.34681
0.5,estimate,4853646989,12046.71,568,vhf,autumn,1997,4853.646989,4609078337,4609.078337
0.95,estimate,19102388682,14240.16896,267,vhf,autumn,1998,19102.38868,13247886225,13247.88623
0.9,estimate,15748318648,14240.16896,267,vhf,autumn,1998,15748.31865,12082554445,12082.55445
0.5,estimate,5733745152,14240.16896,267,vhf,autumn,1998,5733.745152,5079936700,5079.9367
0.95,estimate,21140267611,14097.13997,322,vhf,autumn,1999,21140.26761,13882898195,13882.8982
0.9,estimate,17521175178,14097.13997,322,vhf,autumn,1999,17521.17518,12287564629,12287.56463
0.5,estimate,6380673986,14097.13997,322,vhf,autumn,1999,6380.673986,5859885361,5859.885361
0.95,estimate,14731264937,11765.19495,212,vhf,autumn,2000,14731.26494,11765375997,11765.376
0.9,estimate,11774776691,11765.19495,212,vhf,autumn,2000,11774.77669,10225627794,10225.62779
0.5,estimate,2815027511,11765.19495,212,vhf,autumn,2000,2815.027511,2808014245,2808.014245
0.95,estimate,25486870410,17072.70587,307,vhf,autumn,2001,25486.87041,14351070346,14351.07035
0.9,estimate,21210820041,17072.70587,307,vhf,autumn,2001,21210.82004,14206252577,14206.25258
0.5,estimate,7892722643,17072.70587,307,vhf,autumn,2001,7892.722643,6425148767,6425.148767
0.95,estimate,33640968107,21791.40821,153,vhf,autumn,2002,33640.96811,14351070346,14351.07035
0.9,estimate,27453857863,21791.40821,153,vhf,autumn,2002,27453.85786,14056017598,14056.0176
0.5,estimate,7996681390,21791.40821,153,vhf,autumn,2002,7996.68139,3736487305,3736.487305
0.95,estimate,31880308184,19939.96464,274,vhf,autumn,2003,31880.30818,13813412854,13813.41285
0.9,estimate,26269335808,19939.96464,274,vhf,autumn,2003,26269.33581,12813317048,12813.31705
0.5,estimate,9423674100,19939.96464,274,vhf,autumn,2003,9423.6741,4856502826,4856.502826
0.95,estimate,16635606306,12867.41726,194,vhf,autumn,2004,16635.60631,9655076963,9655.076963
0.9,estimate,13046176106,12867.41726,194,vhf,autumn,2004,13046.17611,8270516482,8270.516482
0.5,estimate,4194789701,12867.41726,194,vhf,autumn,2004,4194.789701,3338417943,3338.417943
0.95,estimate,23072129018,16646.39775,243,vhf,autumn,2005,23072.12902,12476663145,12476.66315
0.9,estimate,18828441202,16646.39775,243,vhf,autumn,2005,18828.4412,11334286333,11334.28633
0.5,estimate,6730480745,16646.39775,243,vhf,autumn,2005,6730.480745,5730242822,5730.242822
0.95,estimate,15337959125,11683.83024,360,vhf,autumn,2006,15337.95912,10539299156,10539.29916
0.9,estimate,12001110989,11683.83024,360,vhf,autumn,2006,12001.11099,8997344773,8997.344773
0.5,estimate,4186328867,11683.83024,360,vhf,autumn,2006,4186.328867,3638363686,3638.363686
0.95,estimate,18599124132,11852.1739,360,vhf,autumn,2007,18599.12413,12813448853,12813.44885
0.9,estimate,14914586519,11852.1739,360,vhf,autumn,2007,14914.58652,11163721048,11163.72105
0.5,estimate,4445061729,11852.1739,360,vhf,autumn,2007,4445.061729,4334516427,4334.516427
0.95,estimate,13790907785,13843.47717,34,vhf,calving,1992,13790.90779,10987547440,10987.54744
0.9,estimate,10326814511,13843.47717,34,vhf,calving,1992,10326.81451,9008068415,9008.068415
0.5,estimate,2146108768,13843.47717,34,vhf,calving,1992,2146.108768,2146108768,2146.108768
0.95,estimate,6127279074,11222.72058,28,vhf,calving,1993,6127.279074,4944330616,4944.330616
0.9,estimate,4764406519,11222.72058,28,vhf,calving,1993,4764.406519,3880240414,3880.240414
0.5,estimate,1198329600,11222.72058,28,vhf,calving,1993,1198.3296,1059266758,1059.266758
0.95,estimate,7223954759,11479.40089,31,vhf,calving,1994,7223.954759,5567236240,5567.23624
0.9,estimate,5698493402,11479.40089,31,vhf,calving,1994,5698.493402,4429940948,4429.940948
0.5,estimate,1393627920,11479.40089,31,vhf,calving,1994,1393.62792,1215767883,1215.767883
0.95,estimate,18794509477,18621.99827,28,vhf,calving,1995,18794.50948,13288038469,13288.03847
0.9,estimate,15220375946,18621.99827,28,vhf,calving,1995,15220.37595,11863947460,11863.94746
0.5,estimate,5446708329,18621.99827,28,vhf,calving,1995,5446.708329,4958808463,4958.808463
0.95,estimate,8919784196,12004.27015,37,vhf,calving,1996,8919.784196,8142872702,8142.872702
0.9,estimate,6936106921,12004.27015,37,vhf,calving,1996,6936.106921,6628359627,6628.359627
0.5,estimate,2049603246,12004.27015,37,vhf,calving,1996,2049.603246,2049603246,2049.603246
0.95,estimate,7198529477,11063.20915,35,vhf,calving,1997,7198.529477,5305319827,5305.319827
0.9,estimate,5763841659,11063.20915,35,vhf,calving,1997,5763.841659,4325288828,4325.288828
0.5,estimate,1701067666,11063.20915,35,vhf,calving,1997,1701.067666,1349132177,1349.132177
0.95,estimate,8094621058,11273.02006,44,vhf,calving,1998,8094.621058,7576532638,7576.532638
0.9,estimate,6540592055,11273.02006,44,vhf,calving,1998,6540.592055,6397086768,6397.086768
0.5,estimate,2262880078,11273.02006,44,vhf,calving,1998,2262.880078,2262880078,2262.880078
0.95,estimate,9042894194,11889.4563,56,vhf,calving,1999,9042.894194,8512179591,8512.179591
0.9,estimate,6987032349,11889.4563,56,vhf,calving,1999,6987.032349,6774610359,6774.610359
0.5,estimate,2254243447,11889.4563,56,vhf,calving,1999,2254.243447,2254243447,2254.243447
0.95,estimate,5089964356,8958.657583,48,vhf,calving,2000,5089.964356,4539970267,4539.970267
0.9,estimate,3894354248,8958.657583,48,vhf,calving,2000,3894.354248,3573110467,3573.110467
0.5,estimate,940779185.3,8958.657583,48,vhf,calving,2000,940.7791853,940779185.3,940.7791853
0.95,estimate,4751613440,8983.357876,63,vhf,calving,2001,4751.61344,4169408717,4169.408717
0.9,estimate,3584532858,8983.357876,63,vhf,calving,2001,3584.532858,3297549812,3297.549812
0.5,estimate,1107654762,8983.357876,63,vhf,calving,2001,1107.654762,1107654762,1107.654762
0.95,estimate,5372471715,8598.550295,64,vhf,calving,2002,5372.471715,4858236441,4858.236441
0.9,estimate,4068478494,8598.550295,64,vhf,calving,2002,4068.478494,4035498673,4035.498673
0.5,estimate,1191004810,8598.550295,64,vhf,calving,2002,1191.00481,1191004810,1191.00481
0.95,estimate,10333138950,13576.58107,20,vhf,calving,2003,10333.13895,9876195792,9876.195792
0.9,estimate,8205716880,13576.58107,20,vhf,calving,2003,8205.71688,8024635882,8024.635882
0.5,estimate,2315674132,13576.58107,20,vhf,calving,2003,2315.674132,2315674132,2315.674132
0.95,estimate,14807185883,17205.78563,24,vhf,calving,2004,14807.18588,9692809738,9692.809738
0.9,estimate,11743263877,17205.78563,24,vhf,calving,2004,11743.26388,8564414882,8564.414882
0.5,estimate,3220229317,17205.78563,24,vhf,calving,2004,3220.229317,2590740068,2590.740068
0.95,estimate,4821066510,9908.021041,15,vhf,calving,2005,4821.06651,3930482616,3930.482616
0.9,estimate,3795918277,9908.021041,15,vhf,calving,2005,3795.918277,3159819269,3159.819269
0.5,estimate,1010465644,9908.021041,15,vhf,calving,2005,1010.465644,977735592,977.735592
0.95,estimate,6243716279,10398.78784,26,vhf,calving,2006,6243.716279,5949381889,5949.381889
0.9,estimate,4721548166,10398.78784,26,vhf,calving,2006,4721.548166,4631370328,4631.370328
0.5,estimate,1352775189,10398.78784,26,vhf,calving,2006,1352.775189,1352775189,1352.775189
0.95,estimate,3391161066,7919.499118,31,vhf,calving,2007,3391.161066,2666850677,2666.850677
0.9,estimate,2536628924,7919.499118,31,vhf,calving,2007,2536.628924,2051879214,2051.879214
0.5,estimate,734377433.3,7919.499118,31,vhf,calving,2007,734.3774333,711476372.8,711.4763728
0.95,estimate,1743215695,6124.946408,27,vhf,calving,2008,1743.215695,1611282365,1611.282365
0.9,estimate,1405009924,6124.946408,27,vhf,calving,2008,1405.009924,1343263801,1343.263801
0.5,estimate,443881938,6124.946408,27,vhf,calving,2008,443.881938,443881938,443.881938
0.95,estimate,10068285752,11701.49903,40,vhf,postcalving,1992,10068.28575,9598514747,9598.514747
0.9,estimate,7741311564,11701.49903,40,vhf,postcalving,1992,7741.311564,7635549064,7635.549064
0.5,estimate,1759111069,11701.49903,40,vhf,postcalving,1992,1759.111069,1759111069,1759.111069
0.95,estimate,6010255810,9935.07633,38,vhf,postcalving,1993,6010.25581,5511337815,5511.337815
0.9,estimate,4727558002,9935.07633,38,vhf,postcalving,1993,4727.558002,4418976489,4418.976489
0.5,estimate,1167970367,9935.07633,38,vhf,postcalving,1993,1167.970367,1167970367,1167.970367
0.95,estimate,9912650844,9291.761822,399,vhf,postcalving,1994,9912.650844,9327171834,9327.171834
0.9,estimate,8026902084,9291.761822,399,vhf,postcalving,1994,8026.902084,7709020457,7709.020457
0.5,estimate,2531769010,9291.761822,399,vhf,postcalving,1994,2531.76901,2530591888,2530.591888
0.95,estimate,9845341333,9885.193322,303,vhf,postcalving,1995,9845.341333,8989386749,8989.386749
0.9,estimate,8021497540,9885.193322,303,vhf,postcalving,1995,8021.49754,7485855630,7485.85563
0.5,estimate,2774539124,9885.193322,303,vhf,postcalving,1995,2774.539124,2708478146,2708.478146
0.95,estimate,8551092255,9399.119609,217,vhf,postcalving,1996,8551.092255,7589886982,7589.886982
0.9,estimate,6581591378,9399.119609,217,vhf,postcalving,1996,6581.591378,5918392754,5918.392754
0.5,estimate,1850188126,9399.119609,217,vhf,postcalving,1996,1850.188126,1828987590,1828.98759
0.95,estimate,9576776646,10165.93635,342,vhf,postcalving,1997,9576.776646,8555256020,8555.25602
0.9,estimate,7802292494,10165.93635,342,vhf,postcalving,1997,7802.292494,7130568344,7130.568344
0.5,estimate,2869430753,10165.93635,342,vhf,postcalving,1997,2869.430753,2823887425,2823.887425
0.95,estimate,10454454667,11001.94434,289,vhf,postcalving,1998,10454.45467,9693569053,9693.569053
0.9,estimate,8556602187,11001.94434,289,vhf,postcalving,1998,8556.602187,8146186541,8146.186541
0.5,estimate,3086832681,11001.94434,289,vhf,postcalving,1998,3086.832681,3059493977,3059.493977
0.95,estimate,9732289025,11377.09174,260,vhf,postcalving,1999,9732.289025,8403237037,8403.237037
0.9,estimate,7897200536,11377.09174,260,vhf,postcalving,1999,7897.200536,7186114428,7186.114428
0.5,estimate,2719442067,11377.09174,260,vhf,postcalving,1999,2719.442067,2719442067,2719.442067
0.95,estimate,10029700270,11522.44581,277,vhf,postcalving,2000,10029.70027,8993009606,8993.009606
0.9,estimate,8122256629,11522.44581,277,vhf,postcalving,2000,8122.256629,7663238885,7663.238885
0.5,estimate,2820106820,11522.44581,277,vhf,postcalving,2000,2820.10682,2820106820,2820.10682
0.95,estimate,10498340194,13381.78845,216,vhf,postcalving,2001,10498.34019,7967826115,7967.826115
0.9,estimate,8292110326,13381.78845,216,vhf,postcalving,2001,8292.110326,6712122251,6712.122251
0.5,estimate,2497181104,13381.78845,216,vhf,postcalving,2001,2497.181104,2464726717,2464.726717
0.95,estimate,9471345223,11032.53048,225,vhf,postcalving,2002,9471.345223,8151583085,8151.583085
0.9,estimate,7625733197,11032.53048,225,vhf,postcalving,2002,7625.733197,6733886702,6733.886702
0.5,estimate,2381096942,11032.53048,225,vhf,postcalving,2002,2381.096942,2381096942,2381.096942
0.95,estimate,5786216857,8091.329863,195,vhf,postcalving,2003,5786.216857,4778122041,4778.122041
0.9,estimate,4383407321,8091.329863,195,vhf,postcalving,2003,4383.407321,3821309242,3821.309242
0.5,estimate,1371208352,8091.329863,195,vhf,postcalving,2003,1371.208352,1367106064,1367.106064
0.95,estimate,15176465705,15980.59184,105,vhf,postcalving,2004,15176.46571,11513526803,11513.5268
0.9,estimate,12284015462,15980.59184,105,vhf,postcalving,2004,12284.01546,9939557454,9939.557454
0.5,estimate,4051451693,15980.59184,105,vhf,postcalving,2004,4051.451693,3759399263,3759.399263
0.95,estimate,19237945902,18485.70655,99,vhf,postcalving,2005,19237.9459,10163435122,10163.43512
0.9,estimate,15513604825,18485.70655,99,vhf,postcalving,2005,15513.60482,9394256995,9394.256995
0.5,estimate,5009951921,18485.70655,99,vhf,postcalving,2005,5009.951921,4416626833,4416.626833
0.95,estimate,12299052098,12795.09474,249,vhf,postcalving,2006,12299.0521,9243141490,9243.14149
0.9,estimate,10085512802,12795.09474,249,vhf,postcalving,2006,10085.5128,7859808897,7859.808897
0.5,estimate,3446806885,12795.09474,249,vhf,postcalving,2006,3446.806885,2636557361,2636.557361
0.95,estimate,10819368066,12200.9704,213,vhf,postcalving,2007,10819.36807,8987683607,8987.683607
0.9,estimate,8741845861,12200.9704,213,vhf,postcalving,2007,8741.845861,7474184334,7474.184334
0.5,estimate,2912494159,12200.9704,213,vhf,postcalving,2007,2912.494159,2789612368,2789.612368
0.95,estimate,6693749519,8280.447205,215,vhf,postcalving,2008,6693.749519,4112039205,4112.039205
0.9,estimate,5269571568,8280.447205,215,vhf,postcalving,2008,5269.571568,3168641668,3168.641668
0.5,estimate,1591889060,8280.447205,215,vhf,postcalving,2008,1591.88906,1005695546,1005.695546
0.95,estimate,20913978898,17632.02988,52,vhf,precalving,1992,20913.9789,13359331668,13359.33167
0.9,estimate,16357418683,17632.02988,52,vhf,precalving,1992,16357.41868,11747689716,11747.68972
0.5,estimate,5041946361,17632.02988,52,vhf,precalving,1992,5041.946361,4126950121,4126.950121
0.95,estimate,25052217186,17631.17001,127,vhf,precalving,1993,25052.21719,10940298453,10940.29845
0.9,estimate,20302419908,17631.17001,127,vhf,precalving,1993,20302.41991,9955899454,9955.899454
0.5,estimate,6295827833,17631.17001,127,vhf,precalving,1993,6295.827833,5470735005,5470.735005
0.95,estimate,16734201027,15238.3274,105,vhf,precalving,1994,16734.20103,10782986027,10782.98603
0.9,estimate,12808986360,15238.3274,105,vhf,precalving,1994,12808.98636,8817803967,8817.803967
0.5,estimate,3615457287,15238.3274,105,vhf,precalving,1994,3615.457287,2165785184,2165.785184
0.95,estimate,26760234462,19308.7515,186,vhf,precalving,1995,26760.23446,12720902232,12720.90223
0.9,estimate,21380582657,19308.7515,186,vhf,precalving,1995,21380.58266,11656521124,11656.52112
0.5,estimate,7321013060,19308.7515,186,vhf,precalving,1995,7321.01306,3553763530,3553.76353
0.95,estimate,13240946600,11869.22601,146,vhf,precalving,1996,13240.9466,9370475832,9370.475832
0.9,estimate,9957670968,11869.22601,146,vhf,precalving,1996,9957.670968,7967192477,7967.192477
0.5,estimate,3128928205,11869.22601,146,vhf,precalving,1996,3128.928205,3128928205,3128.928205
0.95,estimate,25390383477,17840.70191,129,vhf,precalving,1997,25390.38348,13541541213,13541.54121
0.9,estimate,20029741375,17840.70191,129,vhf,precalving,1997,20029.74138,11843848193,11843.84819
0.5,estimate,7119638561,17840.70191,129,vhf,precalving,1997,7119.638561,4716423313,4716.423313
0.95,estimate,17253474757,15025.42988,154,vhf,precalving,1998,17253.47476,9840300249,9840.300249
0.9,estimate,13696589497,15025.42988,154,vhf,precalving,1998,13696.5895,8454372304,8454.372304
0.5,estimate,4115261623,15025.42988,154,vhf,precalving,1998,4115.261623,3540870926,3540.870926
0.95,estimate,19260048322,12810.85865,206,vhf,precalving,1999,19260.04832,13599241636,13599.24164
0.9,estimate,15131475610,12810.85865,206,vhf,precalving,1999,15131.47561,12133147186,12133.14719
0.5,estimate,3733554874,12810.85865,206,vhf,precalving,1999,3733.554874,3575189469,3575.189469
0.95,estimate,29129881719,18999.75532,141,vhf,precalving,2000,29129.88172,14127258194,14127.25819
0.9,estimate,23674079828,18999.75532,141,vhf,precalving,2000,23674.07983,13357017398,13357.0174
0.5,estimate,8117418460,18999.75532,141,vhf,precalving,2000,8117.41846,5774392061,5774.392061
0.95,estimate,19812654906,16797.44522,70,vhf,precalving,2001,19812.65491,10116565917,10116.56592
0.9,estimate,15465485410,16797.44522,70,vhf,precalving,2001,15465.48541,8412307719,8412.307719
0.5,estimate,4589865195,16797.44522,70,vhf,precalving,2001,4589.865195,2948128973,2948.128973
0.95,estimate,14015734476,11370.90885,197,vhf,precalving,2002,14015.73448,12428963401,12428.9634
0.9,estimate,11104743852,11370.90885,197,vhf,precalving,2002,11104.74385,10714267175,10714.26717
0.5,estimate,3536899739,11370.90885,197,vhf,precalving,2002,3536.899739,3536899739,3536.899739
0.95,estimate,36867056739,22158.69765,163,vhf,precalving,2003,36867.05674,13229752993,13229.75299
0.9,estimate,29305645640,22158.69765,163,vhf,precalving,2003,29305.64564,12389830609,12389.83061
0.5,estimate,9791412798,22158.69765,163,vhf,precalving,2003,9791.412798,6377580630,6377.58063
0.95,estimate,36410677922,20337.47634,110,vhf,precalving,2004,36410.67792,14351070346,14351.07035
0.9,estimate,29530178411,20337.47634,110,vhf,precalving,2004,29530.17841,14351070346,14351.07035
0.5,estimate,7625953167,20337.47634,110,vhf,precalving,2004,7625.953167,5265936793,5265.936793
0.95,estimate,31430597476,20764.80236,94,vhf,precalving,2005,31430.59748,14060261153,14060.26115
0.9,estimate,25129716958,20764.80236,94,vhf,precalving,2005,25129.71696,13508911571,13508.91157
0.5,estimate,8278941378,20764.80236,94,vhf,precalving,2005,8278.941378,6518824363,6518.824363
0.95,estimate,19851120701,14475.1591,148,vhf,precalving,2006,19851.1207,9709478299,9709.478299
0.9,estimate,15572193905,14475.1591,148,vhf,precalving,2006,15572.1939,8848813472,8848.813472
0.5,estimate,4814277384,14475.1591,148,vhf,precalving,2006,4814.277384,4325528522,4325.528522
0.95,estimate,4520993903,6793.157613,136,vhf,precalving,2007,4520.993903,4520993903,4520.993903
0.9,estimate,3640209993,6793.157613,136,vhf,precalving,2007,3640.209993,3640209993,3640.209993
0.5,estimate,1138301911,6793.157613,136,vhf,precalving,2007,1138.301911,1138301911,1138.301911
0.95,estimate,18886201039,15577.76843,127,vhf,precalving,2008,18886.20104,11534724170,11534.72417
0.9,estimate,14702066223,15577.76843,127,vhf,precalving,2008,14702.06622,10126220905,10126.22091
0.5,estimate,4058593669,15577.76843,127,vhf,precalving,2008,4058.593669,4058593669,4058.593669
0.95,estimate,20968105496,15784.07112,171,vhf,rut,1992,20968.1055,6415301640,6415.30164
0.9,estimate,16242324932,15784.07112,171,vhf,rut,1992,16242.32493,4729823616,4729.823616
0.5,estimate,4407131560,15784.07112,171,vhf,rut,1992,4407.13156,1010385977,1010.385977
0.95,estimate,26608000216,17470.14777,147,vhf,rut,1993,26608.00022,13185654743,13185.65474
0.9,estimate,21402031736,17470.14777,147,vhf,rut,1993,21402.03174,10790587789,10790.58779
0.5,estimate,5527905834,17470.14777,147,vhf,rut,1993,5527.905834,3103580772,3103.580772
0.95,estimate,36759718735,21201.79034,194,vhf,rut,1994,36759.71873,14082382053,14082.38205
0.9,estimate,30255812313,21201.79034,194,vhf,rut,1994,30255.81231,13529480246,13529.48025
0.5,estimate,10215677574,21201.79034,194,vhf,rut,1994,10215.67757,7407910286,7407.910286
0.95,estimate,24455685176,15473.83372,224,vhf,rut,1995,24455.68518,14257786638,14257.78664
0.9,estimate,20030983902,15473.83372,224,vhf,rut,1995,20030.9839,13652788399,13652.7884
0.5,estimate,6332412602,15473.83372,224,vhf,rut,1995,6332.412602,5342203331,5342.203331
0.95,estimate,30282810462,17426.46297,234,vhf,rut,1996,30282.81046,10166705772,10166.70577
0.9,estimate,23072056672,17426.46297,234,vhf,rut,1996,23072.05667,8228824646,8228.824646
0.5,estimate,5798639447,17426.46297,234,vhf,rut,1996,5798.639447,2801693019,2801.693019
0.95,estimate,21198109467,13955.84017,295,vhf,rut,1997,21198.10947,11766582159,11766.58216
0.9,estimate,17095234362,13955.84017,295,vhf,rut,1997,17095.23436,10866057311,10866.05731
0.5,estimate,6071421403,13955.84017,295,vhf,rut,1997,6071.421403,5392585697,5392.585697
0.95,estimate,24007753848,15200.17618,250,vhf,rut,1998,24007.75385,13271696540,13271.69654
0.9,estimate,19324051108,15200.17618,250,vhf,rut,1998,19324.05111,12723890483,12723.89048
0.5,estimate,7042949452,15200.17618,250,vhf,rut,1998,7042.949452,7042949452,7042.949452
0.95,estimate,43604048838,20948.69531,256,vhf,rut,1999,43604.04884,14351070346,14351.07035
0.9,estimate,36211821900,20948.69531,256,vhf,rut,1999,36211.8219,14351070346,14351.07035
0.5,estimate,13502936192,20948.69531,256,vhf,rut,1999,13502.93619,8705107039,8705.107039
0.95,estimate,18314017540,15507.60813,152,vhf,rut,2000,18314.01754,9515051226,9515.051226
0.9,estimate,13678899336,15507.60813,152,vhf,rut,2000,13678.89934,8421331429,8421.331429
0.5,estimate,3816175861,15507.60813,152,vhf,rut,2000,3816.175861,3415326418,3415.326418
0.95,estimate,15681713645,12855.65296,172,vhf,rut,2001,15681.71364,7130558117,7130.558117
0.9,estimate,10907107098,12855.65296,172,vhf,rut,2001,10907.1071,4823755180,4823.75518
0.5,estimate,2574172948,12855.65296,172,vhf,rut,2001,2574.172948,889822117.4,889.8221174
0.95,estimate,20606628866,14424.0668,254,vhf,rut,2002,20606.62887,2191041860,2191.04186
0.9,estimate,16663386183,14424.0668,254,vhf,rut,2002,16663.38618,1698526506,1698.526506
0.5,estimate,5826833795,14424.0668,254,vhf,rut,2002,5826.833795,166075453.1,166.0754531
0.95,estimate,42360165795,22709.40016,148,vhf,rut,2003,42360.16579,14351070346,14351.07035
0.9,estimate,34206924788,22709.40016,148,vhf,rut,2003,34206.92479,14351070346,14351.07035
0.5,estimate,12198358449,22709.40016,148,vhf,rut,2003,12198.35845,8127950980,8127.95098
0.95,estimate,32453656653,22149.78823,131,vhf,rut,2004,32453.65665,4972061568,4972.061568
0.9,estimate,24130251227,22149.78823,131,vhf,rut,2004,24130.25123,3393737403,3393.737403
0.5,estimate,6245491403,22149.78823,131,vhf,rut,2004,6245.491403,223274578.5,223.2745785
0.95,estimate,28536567139,18146.37625,200,vhf,rut,2005,28536.56714,9821790140,9821.79014
0.9,estimate,22806681412,18146.37625,200,vhf,rut,2005,22806.68141,8775048096,8775.048096
0.5,estimate,7682463619,18146.37625,200,vhf,rut,2005,7682.463619,3619841055,3619.841055
0.95,estimate,44792571552,24948.35014,111,vhf,rut,2006,44792.57155,14351070346,14351.07035
0.9,estimate,36405682534,24948.35014,111,vhf,rut,2006,36405.68253,14351070346,14351.07035
0.5,estimate,10762390428,24948.35014,111,vhf,rut,2006,10762.39043,7922524546,7922.524546
0.95,estimate,53209333017,29281.51266,143,vhf,rut,2007,53209.33302,12923799480,12923.79948
0.9,estimate,41375942892,29281.51266,143,vhf,rut,2007,41375.94289,9857807033,9857.807033
0.5,estimate,11060663752,29281.51266,143,vhf,rut,2007,11060.66375,2227207330,2227.20733
0.95,estimate,58678585929,30722.79862,183,vhf,rut,2008,58678.58593,9046421307,9046.421307
0.9,estimate,44323415323,30722.79862,183,vhf,rut,2008,44323.41532,4965902291,4965.902291
0.5,estimate,8577398877,30722.79862,183,vhf,rut,2008,8577.398877,0,0
0.95,estimate,14863871904,13680.42088,111,vhf,summer,1994,14863.8719,10413369995,10413.37
0.9,estimate,12394123801,13680.42088,111,vhf,summer,1994,12394.1238,9230544291,9230.544291
0.5,estimate,4555731608,13680.42088,111,vhf,summer,1994,4555.731608,3913771188,3913.771188
0.95,estimate,9406337780,10756.38855,115,vhf,summer,1995,9406.33778,5321818030,5321.81803
0.9,estimate,6873434157,10756.38855,115,vhf,summer,1995,6873.434157,3927348043,3927.348043
0.5,estimate,1986206435,10756.38855,115,vhf,summer,1995,1986.206435,1336488777,1336.488777
0.95,estimate,18525394156,14609.9955,222,vhf,summer,1996,18525.39416,13906146705,13906.1467
0.9,estimate,15122306329,14609.9955,222,vhf,summer,1996,15122.30633,12710514904,12710.5149
0.5,estimate,5461268291,14609.9955,222,vhf,summer,1996,5461.268291,5054012455,5054.012455
0.95,estimate,15894328864,14147.73667,197,vhf,summer,1997,15894.32886,11950673834,11950.67383
0.9,estimate,13106846031,14147.73667,197,vhf,summer,1997,13106.84603,10949248462,10949.24846
0.5,estimate,4884193607,14147.73667,197,vhf,summer,1997,4884.193607,4884151220,4884.15122
0.95,estimate,12072836810,11084.36487,296,vhf,summer,1998,12072.83681,9162664504,9162.664504
0.9,estimate,9708390938,11084.36487,296,vhf,summer,1998,9708.390938,7782052833,7782.052833
0.5,estimate,3183461411,11084.36487,296,vhf,summer,1998,3183.461411,3006267455,3006.267455
0.95,estimate,18655868914,13770.82552,297,vhf,summer,1999,18655.86891,12328990658,12328.99066
0.9,estimate,15158325505,13770.82552,297,vhf,summer,1999,15158.3255,11198558599,11198.5586
0.5,estimate,4380223938,13770.82552,297,vhf,summer,1999,4380.223938,3708253423,3708.253423
0.95,estimate,23073018861,16107.9619,269,vhf,summer,2000,23073.01886,13972463331,13972.46333
0.9,estimate,18982192462,16107.9619,269,vhf,summer,2000,18982.19246,13136673849,13136.67385
0.5,estimate,7282397402,16107.9619,269,vhf,summer,2000,7282.397402,6478159621,6478.159621
0.95,estimate,20312145183,16862.59632,192,vhf,summer,2001,20312.14518,12607026401,12607.0264
0.9,estimate,16447993997,16862.59632,192,vhf,summer,2001,16447.994,11368577555,11368.57756
0.5,estimate,5358326274,16862.59632,192,vhf,summer,2001,5358.326274,3598225257,3598.225257
0.95,estimate,22410916694,15756.09671,211,vhf,summer,2002,22410.91669,13736070497,13736.0705
0.9,estimate,18265445600,15756.09671,211,vhf,summer,2002,18265.4456,12787462215,12787.46221
0.5,estimate,6231579986,15756.09671,211,vhf,summer,2002,6231.579986,5976385337,5976.385337
0.95,estimate,16391404388,13081.84553,222,vhf,summer,2003,16391.40439,10311801439,10311.80144
0.9,estimate,13121537197,13081.84553,222,vhf,summer,2003,13121.5372,8956895482,8956.895482
0.5,estimate,4408562418,13081.84553,222,vhf,summer,2003,4408.562418,3197240298,3197.240298
0.95,estimate,20393975060,15875.7877,102,vhf,summer,2004,20393.97506,12937009910,12937.00991
0.9,estimate,16720054544,15875.7877,102,vhf,summer,2004,16720.05454,11992046377,11992.04638
0.5,estimate,5860843821,15875.7877,102,vhf,summer,2004,5860.843821,5676789091,5676.789091
0.95,estimate,27534216504,18485.07652,134,vhf,summer,2005,27534.2165,14351070346,14351.07035
0.9,estimate,22731490560,18485.07652,134,vhf,summer,2005,22731.49056,14323649625,14323.64963
0.5,estimate,8465643572,18485.07652,134,vhf,summer,2005,8465.643572,6828958392,6828.958392
0.95,estimate,26079215028,17202.04468,215,vhf,summer,2006,26079.21503,13499463255,13499.46326
0.9,estimate,21624366638,17202.04468,215,vhf,summer,2006,21624.36664,12513190772,12513.19077
0.5,estimate,7707252892,17202.04468,215,vhf,summer,2006,7707.252892,5966945548,5966.945548
0.95,estimate,23496089952,16626.65462,88,vhf,summer,2007,23496.08995,14349676822,14349.67682
0.9,estimate,18793718424,16626.65462,88,vhf,summer,2007,18793.71842,14121425034,14121.42503
0.5,estimate,5925221308,16626.65462,88,vhf,summer,2007,5925.221308,5803555504,5803.555504
0.95,estimate,24088340735,16248.58062,169,vhf,summer,2008,24088.34074,12710281345,12710.28134
0.9,estimate,17393731318,16248.58062,169,vhf,summer,2008,17393.73132,11183033802,11183.0338
0.5,estimate,4042337927,16248.58062,169,vhf,summer,2008,4042.337927,3847338244,3847.338244
0.95,estimate,36466086908,21728.76579,105,vhf,winter,1991,36466.08691,14351070346,14351.07035
0.9,estimate,29953430247,21728.76579,105,vhf,winter,1991,29953.43025,13646529193,13646.52919
0.5,estimate,10600589384,21728.76579,105,vhf,winter,1991,10600.58938,5229762609,5229.762609
0.95,estimate,37817224293,23199.31225,146,vhf,winter,1992,37817.22429,10658010711,10658.01071
0.9,estimate,30721181465,23199.31225,146,vhf,winter,1992,30721.18146,9545074206,9545.074206
0.5,estimate,10990459711,23199.31225,146,vhf,winter,1992,10990.45971,4373021532,4373.021532
0.95,estimate,25092695905,15332.00268,225,vhf,winter,1993,25092.6959,12785114836,12785.11484
0.9,estimate,19714400242,15332.00268,225,vhf,winter,1993,19714.40024,10343408860,10343.40886
0.5,estimate,4839629838,15332.00268,225,vhf,winter,1993,4839.629838,2191561232,2191.561232
0.95,estimate,37984624651,21223.79522,302,vhf,winter,1994,37984.62465,11780337014,11780.33701
0.9,estimate,28793099378,21223.79522,302,vhf,winter,1994,28793.09938,7763247655,7763.247655
0.5,estimate,6630718101,21223.79522,302,vhf,winter,1994,6630.718101,211026136.7,211.0261367
0.95,estimate,32082555368,18065.11725,322,vhf,winter,1995,32082.55537,13778750002,13778.75
0.9,estimate,26291506211,18065.11725,322,vhf,winter,1995,26291.50621,13106916839,13106.91684
0.5,estimate,10500441175,18065.11725,322,vhf,winter,1995,10500.44118,8063993990,8063.99399
0.95,estimate,30527735191,14422.71468,510,vhf,winter,1996,30527.73519,9869670745,9869.670745
0.9,estimate,21670172050,14422.71468,510,vhf,winter,1996,21670.17205,6749016468,6749.016468
0.5,estimate,5223706621,14422.71468,510,vhf,winter,1996,5223.706621,553694577.1,553.6945771
0.95,estimate,30363772077,15679.58412,360,vhf,winter,1997,30363.77208,13540091195,13540.09119
0.9,estimate,24137825200,15679.58412,360,vhf,winter,1997,24137.8252,10847447804,10847.4478
0.5,estimate,5673111260,15679.58412,360,vhf,winter,1997,5673.11126,1812187027,1812.187027
0.95,estimate,26850430277,16107.02916,233,vhf,winter,1998,26850.43028,14351070346,14351.07035
0.9,estimate,22162109291,16107.02916,233,vhf,winter,1998,22162.10929,14069979332,14069.97933
0.5,estimate,6982762180,16107.02916,233,vhf,winter,1998,6982.76218,5507213273,5507.213273
0.95,estimate,48320636015,22575.60588,321,vhf,winter,1999,48320.63601,14351070346,14351.07035
0.9,estimate,40542318423,22575.60588,321,vhf,winter,1999,40542.31842,14333538842,14333.53884
0.5,estimate,15578459237,22575.60588,321,vhf,winter,1999,15578.45924,7468323994,7468.323994
0.95,estimate,42604272089,23081.43212,264,vhf,winter,2000,42604.27209,12944934189,12944.93419
0.9,estimate,34369234195,23081.43212,264,vhf,winter,2000,34369.23419,11753197538,11753.19754
0.5,estimate,8142226076,23081.43212,264,vhf,winter,2000,8142.226076,3757144416,3757.144416
0.95,estimate,20477408169,14527.26881,207,vhf,winter,2001,20477.40817,10765672181,10765.67218
0.9,estimate,16541601959,14527.26881,207,vhf,winter,2001,16541.60196,9186629676,9186.629676
0.5,estimate,5579002935,14527.26881,207,vhf,winter,2001,5579.002935,4467412179,4467.412179
0.95,estimate,37492788209,20512.79201,368,vhf,winter,2002,37492.78821,9359903019,9359.903019
0.9,estimate,29146432612,20512.79201,368,vhf,winter,2002,29146.43261,7322945593,7322.945593
0.5,estimate,7451088839,20512.79201,368,vhf,winter,2002,7451.088839,111130873,111.130873
0.95,estimate,43848137453,21765.89365,286,vhf,winter,2003,43848.13745,14351070346,14351.07035
0.9,estimate,35919042916,21765.89365,286,vhf,winter,2003,35919.04292,14351070346,14351.07035
0.5,estimate,12720574129,21765.89365,286,vhf,winter,2003,12720.57413,7786086484,7786.086484
0.95,estimate,30466683653,19923.75455,303,vhf,winter,2005,30466.68365,7629325253,7629.325253
0.9,estimate,23896704394,19923.75455,303,vhf,winter,2005,23896.70439,6432766538,6432.766538
0.5,estimate,7006515451,19923.75455,303,vhf,winter,2005,7006.515451,3274901482,3274.901482
0.95,estimate,46526355800,23522.57532,300,vhf,winter,2006,46526.3558,13037379255,13037.37926
0.9,estimate,37864336351,23522.57532,300,vhf,winter,2006,37864.33635,11628546389,11628.54639
0.5,estimate,12104742315,23522.57532,300,vhf,winter,2006,12104.74232,6616895049,6616.895049
0.95,estimate,45562252070,26581.28215,236,vhf,winter,2007,45562.25207,13299028346,13299.02835
0.9,estimate,36851717581,26581.28215,236,vhf,winter,2007,36851.71758,11954922731,11954.92273
0.5,estimate,12840031720,26581.28215,236,vhf,winter,2007,12840.03172,5993431715,5993.431715
