system:index,LC,allDecShrub_count_0,allDecShrub_count_1,allDecShrub_count_2,allDecShrub_count_neg1,allDecShrub_count_neg2,allEvShrub_count_0,allEvShrub_count_1,allEvShrub_count_2,allEvShrub_count_neg1,allEvShrub_count_neg2,allForb_count_0,allForb_count_1,allForb_count_2,allForb_count_neg1,allForb_count_neg2,alnshr_count_0,alnshr_count_1,alnshr_count_2,alnshr_count_neg1,alnshr_count_neg2,betshr_count_0,betshr_count_1,betshr_count_2,betshr_count_neg1,betshr_count_neg2,caribou_density,graminoid_count_0,graminoid_count_1,graminoid_count_2,graminoid_count_neg1,graminoid_count_neg2,salshr_count_0,salshr_count_1,salshr_count_2,salshr_count_neg1,salshr_count_neg2,season,tmlichen_count_0,tmlichen_count_1,tmlichen_count_2,tmlichen_count_neg1,tmlichen_count_neg2,.geo
0,LC1,710226.2313725491,483628.9803921568,255185.94901960783,121124.80392156863,48859.631372549025,828939.5294117647,277207.0588235294,53178.94901960784,406087.3098039216,53612.749019607836,1191723.1333333333,323533.7176470589,31287.011764705883,68712.4,3769.3333333333335,460090.3450980392,935254.9764705884,115016.43529411765,108264.30588235294,399.5333333333333,1170877.4627450982,155135.32941176472,21846.658823529415,218611.568627451,52554.57647058823,1.0,1603904.8431372547,6790.376470588236,1322.9490196078432,6387.427450980393,620.0,1156910.8980392157,174473.5215686275,730.6509803921568,284868.11764705885,2042.4078431372548,precalving,574712.2196078431,145525.21960784314,23479.870588235295,834141.5568627449,41166.7294117647,"{""type"":""MultiPoint"",""coordinates"":[]}"
1,LC2,107.0,179.0,39.0,206.0,64.0,226.0,43.0,57.0,258.0,11.0,513.0,53.0,5.0,24.0,,96.0,236.0,46.0,166.0,51.0,235.0,148.0,44.0,134.0,34.0,1.0,470.0,17.0,52.0,41.0,15.0,255.0,106.0,10.0,189.0,35.0,precalving,277.0,30.0,45.0,222.0,21.0,"{""type"":""MultiPoint"",""coordinates"":[]}"
2,LC3,1574.886274509804,1143.0,282.0,613.6745098039216,343.0,2659.5607843137254,525.0,78.0,651.0,43.0,2690.5607843137254,780.0,35.0,399.0,52.0,788.0,1914.6745098039216,204.0,1005.8862745098039,44.0,2649.886274509804,643.0,63.0,509.6745098039216,91.0,1.0,3415.886274509804,152.0,48.0,312.6745098039216,28.0,2296.886274509804,391.6745098039216,18.0,1164.0,86.0,precalving,2884.886274509804,293.6745098039216,46.0,700.0,32.0,"{""type"":""MultiPoint"",""coordinates"":[]}"
3,LC4,973930.1411764706,1245575.0509803917,252714.78039215688,357803.0274509803,51106.109803921565,974507.5176470587,1071825.2862745097,61453.6274509804,754599.662745098,18743.015686274506,2281700.411764705,374247.0549019608,23135.87450980392,197744.3764705882,4301.392156862745,1703259.5411764702,951693.2431372548,52830.89019607843,172921.43529411763,424.0,1084240.0980392157,848535.1764705882,107589.35294117646,772814.9294117648,67949.55294117647,1.0,1944996.6745098038,217576.16470588237,10846.95294117647,591922.5490196077,115786.76862745098,1730325.0941176473,586624.4980392156,1883.3254901960784,557334.3176470589,4961.874509803922,precalving,928955.1921568628,517214.1490196079,49201.505882352954,1326345.7960784312,59412.46666666667,"{""type"":""MultiPoint"",""coordinates"":[]}"
4,LC5,261880.64313725496,353822.1372549019,20589.10196078431,230906.07843137256,14051.8,222485.36862745098,332267.8784313725,8004.125490196078,314950.5843137255,3541.8039215686276,710660.3019607844,108750.41176470589,862.0,59336.32549019608,1640.721568627451,698168.9254901957,133627.3450980392,13094.607843137255,35582.882352941175,776.0,223751.6823529412,320292.2196078431,16424.50588235294,304416.56862745096,16364.78431372549,1.0,335705.61960784317,150034.99607843134,2993.9764705882353,366183.0862745099,26332.082352941172,468691.60392156855,191353.06274509802,1203.6549019607842,216359.51372549028,3641.9254901960785,precalving,311526.6627450981,205720.4431372549,14661.274509803923,330356.6509803922,18984.729411764703,"{""type"":""MultiPoint"",""coordinates"":[]}"
5,LC6,41020.67843137255,118180.57647058823,13415.137254901962,64843.50588235293,5178.498039215687,71253.40784313725,108984.94509803921,20492.666666666668,39363.376470588235,2544.0,205968.33725490197,16913.14509803922,702.8627450980392,15457.725490196079,3596.325490196079,141990.41176470587,72783.29411764705,10484.2,16592.490196078434,788.0,42457.14901960784,100925.43921568627,14058.121568627452,76312.86274509804,8884.823529411766,1.0,58546.51764705882,30917.886274509805,2346.921568627451,126957.14901960784,23869.92156862745,55420.686274509804,53643.83529411765,1270.0,124481.41568627451,7822.458823529412,precalving,192254.0901960784,16772.73725490196,3180.764705882353,28278.80392156863,2152.0,"{""type"":""MultiPoint"",""coordinates"":[]}"
6,LC7,14562.6,19011.050980392156,1193.0,11601.533333333333,275.0,12511.462745098039,19474.88235294118,276.0,14154.839215686276,226.0,40384.74509803922,4326.541176470588,68.0,1834.8980392156864,29.0,37612.18431372549,6925.0,993.0,1083.0,30.0,11898.258823529412,18795.917647058825,800.0,14545.007843137257,604.0,1.0,23484.023529411763,7703.227450980392,253.0,13799.933333333334,1403.0,26517.929411764708,8845.011764705883,78.0,10916.243137254902,286.0,precalving,13640.305882352943,12163.792156862746,368.0,19739.086274509806,732.0,"{""type"":""MultiPoint"",""coordinates"":[]}"
7,LC8,178611.03529411764,264249.8352941177,16405.76862745098,144280.82352941175,4624.858823529412,174085.73725490196,236747.5568627451,10601.980392156864,185013.46274509805,1723.5843137254901,502950.60000000003,54537.717647058824,1203.0,45402.37647058824,4078.627450980392,517121.1764705882,54417.23137254901,18586.521568627453,16511.392156862745,1536.0,169317.63137254902,230430.82745098043,18512.77254901961,182845.50588235294,7065.584313725491,1.0,213803.2705882353,138872.16470588234,4544.2588235294115,239483.3294117647,11469.298039215686,295941.4666666667,129343.16470588236,2045.3019607843137,175110.78039215686,5731.607843137254,precalving,190206.8117647059,176698.28235294117,6731.898039215686,221038.74509803922,13496.58431372549,"{""type"":""MultiPoint"",""coordinates"":[]}"
8,LC9,59311.03137254903,111752.94509803921,2386.9960784313726,69804.80392156861,1224.0,65310.5294117647,97229.59607843138,721.0,80951.65098039217,267.0,215082.78431372548,19548.023529411767,105.0,9656.96862745098,87.0,205347.64705882352,24399.482352941177,6450.423529411765,7814.223529411765,468.0,54193.61568627451,98871.92941176471,2559.752941176471,86610.85490196076,2243.6235294117646,1.0,81843.99607843136,50358.63137254902,264.0,109506.21960784317,2506.929411764706,113113.01176470587,55189.68235294116,388.0,74362.08235294117,1427.0,precalving,75545.68235294116,52987.69019607843,1352.0,110309.6431372549,4284.760784313725,"{""type"":""MultiPoint"",""coordinates"":[]}"
9,LC10,252678.80784313724,192134.4745098039,43004.0431372549,94825.87450980392,9351.96862745098,158592.15686274506,260252.72941176468,20833.749019607843,150467.71764705883,1848.8156862745097,442525.7215686275,60041.035294117646,1284.0,77539.89019607844,10604.521568627451,547194.2745098037,29277.894117647058,3972.992156862745,11406.007843137253,144.0,255330.62745098033,181346.55686274508,31265.0705882353,118898.65098039215,5154.262745098039,1.0,228975.8745098039,134259.00784313725,6761.666666666667,206123.4823529411,15875.13725490196,318637.9529411765,115219.16862745101,1716.9450980392157,150623.13333333333,5797.96862745098,precalving,191182.39999999994,202946.4431372549,21006.678431372547,170048.33725490197,6811.309803921568,"{""type"":""MultiPoint"",""coordinates"":[]}"
10,LC11,68556.37647058823,171218.93725490192,14814.905882352943,94014.00784313725,3729.7843137254904,103784.41568627451,151991.29411764708,20708.141176470588,71521.45098039215,4328.709803921569,304345.02745098044,27189.61960784314,1024.627450980392,14981.211764705884,4793.525490196079,219729.69019607847,104359.14117647058,10886.658823529413,17083.52156862745,275.0,71816.12941176469,131415.6588235294,13409.933333333334,121203.50980392157,14488.780392156863,1.0,106468.20784313728,47656.73333333334,3956.113725490196,157598.95294117654,36654.00392156863,121460.67843137257,80180.14117647057,1875.0823529411764,139547.60784313726,9270.501960784313,precalving,240399.71372549018,38814.54901960784,5560.5568627450975,64514.19215686274,3045.0,"{""type"":""MultiPoint"",""coordinates"":[]}"
11,LC12,2244.0,458.0,186.0,100.72549019607843,83.0,932.7254901960785,1337.0,24.0,752.0,26.0,1371.7254901960785,531.0,27.0,1048.0,94.0,2368.7254901960787,493.0,106.0,103.0,1.0,1846.7254901960785,597.0,88.0,463.0,77.0,1.0,1943.7254901960785,376.0,55.0,633.0,64.0,2913.7254901960787,123.0,4.0,29.0,2.0,precalving,1338.7254901960785,358.0,115.0,1096.0,164.0,"{""type"":""MultiPoint"",""coordinates"":[]}"
12,LC13,328.0,2.0,43.0,1.0,,337.0,18.0,18.0,1.0,,64.0,23.0,6.0,118.0,163.0,310.0,34.0,3.0,23.0,4.0,320.0,22.0,30.0,2.0,,1.0,45.0,131.0,118.0,71.0,9.0,141.0,69.0,28.0,93.0,43.0,precalving,337.0,3.0,32.0,2.0,,"{""type"":""MultiPoint"",""coordinates"":[]}"
13,LC14,55335.27843137255,8780.815686274509,6116.317647058823,4465.5137254901965,538.7647058823529,27273.49411764706,29133.098039215685,2928.929411764706,15804.168627450981,97.0,55449.27843137256,6178.886274509804,287.0,11916.525490196078,1405.0,71712.93725490196,2248.8823529411766,522.0,706.8705882352941,46.0,54145.24705882354,11787.533333333333,2915.6705882352944,6070.239215686274,318.0,1.0,52837.45490196079,12137.890196078431,3180.0,6727.345098039215,354.0,53048.6274509804,7688.419607843138,293.0,12554.643137254901,1652.0,precalving,24864.976470588233,29603.35294117647,2655.1254901960783,17783.235294117647,330.0,"{""type"":""MultiPoint"",""coordinates"":[]}"
14,LC15,327.0,,118.0,,,295.0,15.0,135.0,,,236.0,81.0,21.0,37.0,70.0,317.0,47.0,12.0,52.0,17.0,378.0,17.0,50.0,,,1.0,201.0,39.0,198.0,7.0,,121.0,70.0,17.0,135.0,102.0,precalving,334.0,13.0,96.0,2.0,,"{""type"":""MultiPoint"",""coordinates"":[]}"
15,LC1,1294744.5607843138,700398.5450980392,368164.93333333335,180656.16078431372,91333.69803921568,1415999.6431372548,440179.9176470588,55439.7568627451,646131.9960784314,77546.58431372549,2386253.5254901964,194288.90980392153,4464.690196078432,45828.7725490196,4462.0,925621.8392156863,1450930.1725490196,83375.56862745098,174996.31764705884,374.0,1788959.4117647058,333506.2784313726,25404.964705882354,452516.6431372549,34910.6,2.0,2579009.533333333,29125.65882352941,2366.0,23958.70588235294,838.0,1545444.5058823528,430036.28627450985,1516.0,654847.3725490195,3453.7333333333336,precalving,878867.2039215686,282061.46274509805,20263.545098039216,1370210.0901960782,83895.59607843136,"{""type"":""MultiPoint"",""coordinates"":[]}"
16,LC2,109.0,75.0,21.0,83.0,67.0,203.0,44.0,21.0,73.0,14.0,302.0,40.0,2.0,9.0,2.0,65.0,169.0,13.0,97.0,11.0,256.0,34.0,6.0,43.0,16.0,2.0,321.0,11.0,8.0,14.0,1.0,144.0,93.0,10.0,98.0,10.0,precalving,263.0,17.0,16.0,54.0,5.0,"{""type"":""MultiPoint"",""coordinates"":[]}"
17,LC3,1471.0,1627.0,187.5529411764706,832.0,412.0,2611.5529411764705,932.0,59.0,871.0,56.0,3379.5529411764705,837.0,37.0,260.0,16.0,976.0,2164.0,219.0,1142.5529411764705,28.0,2566.5529411764705,977.0,74.0,772.0,140.0,2.0,3521.5529411764705,262.0,24.0,697.0,25.0,1846.5529411764705,718.0,35.0,1819.0,111.0,precalving,2918.5529411764705,421.0,62.0,1072.0,56.0,"{""type"":""MultiPoint"",""coordinates"":[]}"
18,LC4,2268134.1725490196,3294658.352941177,311016.8196078432,1010316.8313725491,90439.38039215686,2790952.3725490198,2364137.9725490194,73079.62745098039,1708822.5843137256,37573.0,6468015.176470587,344667.1647058824,8462.572549019607,148759.6431372549,4661.0,3720439.3921568627,2779435.6431372548,66252.06274509805,407842.45882352936,596.0,2585299.1529411767,2126641.219607843,156426.1450980392,1995631.3960784313,110567.6431372549,2.0,4929448.917647058,555198.0431372549,18560.0,1368052.4823529413,103306.11372549021,3709648.376470588,1592504.4784313724,3444.0,1661304.7019607842,7664.0,precalving,1957346.1411764706,1043415.7254901961,31522.721568627454,3768971.3098039217,173309.6588235294,"{""type"":""MultiPoint"",""coordinates"":[]}"
19,LC5,537632.5882352941,1076894.0784313725,43039.0,633170.2039215686,22882.0,617947.9137254902,891182.2509803921,15746.756862745098,781565.9490196079,7175.0,2080501.7098039216,161858.16078431372,1184.0,67840.0,2234.0,1420283.1137254902,697839.8392156863,54506.91764705883,138910.0,2078.0,503556.64313725487,915299.937254902,72905.0,773599.2901960784,48257.0,2.0,1147218.0901960784,300133.71764705883,9922.0,804865.062745098,51479.0,1096291.317647059,545479.0078431373,6496.0,651660.5450980392,13691.0,precalving,800445.0117647059,397569.50588235294,12403.0,1045115.7921568628,58084.560784313726,"{""type"":""MultiPoint"",""coordinates"":[]}"
20,LC6,73135.4862745098,195086.0,11037.0,149385.3176470588,8469.0,146112.4862745098,177212.0,17355.6431372549,92259.79215686275,4172.882352941177,384037.3176470588,28505.0,1229.0,20031.666666666664,3309.8196078431374,221362.17647058822,153136.66666666666,25785.0,35314.96078431373,1514.0,75693.66666666666,162868.29411764705,17998.0,163096.8431372549,17456.0,2.0,152591.66666666666,55706.71372549019,3486.8196078431374,202339.60392156863,22988.0,103143.88235294117,101113.27843137254,1986.0,223318.6431372549,7551.0,precalving,279647.8431372549,41006.0,3105.0,108225.96078431373,5128.0,"{""type"":""MultiPoint"",""coordinates"":[]}"
21,LC7,25312.0,52322.0,1926.0,25319.0,330.0,25716.0,53025.0,248.0,26027.0,193.0,97374.0,5593.0,8.0,2153.0,81.0,81138.0,18722.0,1805.0,3461.0,83.0,23459.0,47522.0,3085.0,30506.0,637.0,2.0,52766.0,24743.0,944.0,25971.0,785.0,55008.0,20742.0,317.0,28144.0,998.0,precalving,25071.0,19949.0,235.0,55848.0,4106.0,"{""type"":""MultiPoint"",""coordinates"":[]}"
22,LC8,304043.0,817335.5607843137,34859.0,322563.1019607843,7164.0,358933.0117647059,662428.3882352941,16676.0,445061.26274509804,2866.0,1232228.7882352942,140639.87450980392,1848.0,106256.0,4992.0,1123851.094117647,209747.56862745096,97151.0,49919.0,5296.0,318639.50980392157,655343.3058823529,59794.0,438976.84705882357,13211.0,2.0,441719.4666666667,354688.0,15090.0,645150.1960784313,29317.0,544574.0980392157,379349.4666666667,7332.0,535230.0980392157,19479.0,precalving,397573.98039215687,347076.8666666667,13266.0,651789.8156862746,76258.0,"{""type"":""MultiPoint"",""coordinates"":[]}"
23,LC9,185970.0,523180.0,11976.0,222371.0,1867.0,224999.0,460034.0,2450.0,256816.0,1065.0,874882.0,52695.0,69.0,17522.0,196.0,699346.0,163673.0,48725.0,31376.0,2244.0,180245.0,429612.0,18400.0,312251.0,4856.0,2.0,276988.0,168809.0,3287.0,476955.0,19325.0,409776.0,185262.0,6444.0,323558.0,20324.0,precalving,278119.0,159805.0,1451.0,476056.0,29933.0,"{""type"":""MultiPoint"",""coordinates"":[]}"
24,LC10,650813.0,385882.5411764706,120580.0,182423.0,19108.0,376810.0,550465.0,24056.0,404723.5411764706,2752.0,974011.0,169435.0,2026.0,203751.54117647058,9583.0,1289750.556862745,47495.984313725494,6549.0,14987.0,24.0,686845.5568627451,372539.0,75745.9843137255,211668.0,12008.0,2.0,595224.5568627451,376982.0,13169.0,358435.9843137255,14995.0,806021.0,276050.5568627451,5822.0,264698.9843137255,6214.0,precalving,381723.0,495860.5568627451,27565.0,430026.9843137255,23631.0,"{""type"":""MultiPoint"",""coordinates"":[]}"
25,LC11,212098.69411764707,655174.2156862745,21866.615686274512,297682.94901960786,6751.678431372549,348469.0392156863,542767.5411764706,21080.0,273541.5725490196,7716.0,1114332.317647059,53288.25882352941,931.0,20173.839215686276,4848.737254901961,684617.9098039215,425547.94901960786,32278.29411764706,50750.0,380.0,222309.57254901962,515379.3411764706,37934.0,389735.2392156863,28216.0,2.0,467580.57254901965,176102.0,7480.737254901961,493412.3647058823,48998.478431372554,416499.9294117647,266452.5411764706,3550.0,492148.6823529412,14923.0,precalving,500649.2470588236,163582.9568627451,6619.0,504470.9529411765,18251.996078431373,"{""type"":""MultiPoint"",""coordinates"":[]}"
26,LC12,4114.0,189.0,285.59215686274507,89.0,102.0,1715.592156862745,1394.0,40.0,1526.0,104.0,2468.592156862745,774.0,99.0,1378.0,60.0,3934.0,614.5921568627451,19.0,209.0,3.0,3797.592156862745,352.0,53.0,486.0,91.0,2.0,3537.592156862745,485.0,48.0,683.0,26.0,4423.5921568627455,227.0,1.0,124.0,4.0,precalving,2101.592156862745,455.0,106.0,1936.0,181.0,"{""type"":""MultiPoint"",""coordinates"":[]}"
27,LC13,370.0,1.0,52.0,,1.0,349.0,31.0,44.0,,,99.0,43.0,8.0,123.0,151.0,375.0,26.0,5.0,15.0,3.0,358.0,27.0,36.0,1.0,2.0,2.0,58.0,148.0,129.0,73.0,16.0,188.0,80.0,28.0,97.0,31.0,precalving,367.0,7.0,49.0,1.0,,"{""type"":""MultiPoint"",""coordinates"":[]}"
28,LC14,155964.9254901961,34509.0,14250.847058823529,13225.0,1729.0,81443.92549019608,81469.84705882354,5363.0,50707.0,695.0,163907.7725490196,19382.0,334.0,33632.0,2423.0,210847.7725490196,6261.0,899.0,1628.0,43.0,147166.7725490196,44414.0,6673.0,20547.0,878.0,2.0,141564.9254901961,46168.0,4717.0,26391.84705882353,837.0,161869.9254901961,24332.84705882353,552.0,30354.0,2570.0,precalving,69193.0,82300.92549019608,6141.0,60301.84705882353,1742.0,"{""type"":""MultiPoint"",""coordinates"":[]}"
29,LC15,145.0,,45.0,,1.0,147.0,12.0,32.0,,,104.0,29.0,5.0,21.0,32.0,133.0,31.0,5.0,16.0,6.0,169.0,5.0,17.0,,,2.0,86.0,12.0,88.0,4.0,1.0,48.0,24.0,12.0,67.0,40.0,precalving,158.0,,32.0,1.0,,"{""type"":""MultiPoint"",""coordinates"":[]}"
30,LC1,33060.0,66516.0,8581.0,10551.0,1505.0,52812.0,25553.0,521.0,39806.0,1521.0,112055.0,5291.0,44.0,2751.0,72.0,31792.0,77169.0,4861.0,6376.0,15.0,59105.0,33984.0,3360.0,21963.0,1801.0,3.0,114760.0,2472.0,92.0,2801.0,88.0,61140.0,26626.0,133.0,32002.0,312.0,precalving,28996.0,9290.0,560.0,73583.0,7784.0,"{""type"":""MultiPoint"",""coordinates"":[]}"
31,LC2,,2.0,,,,,,,2.0,,2.0,,,,,,2.0,,,,,,,2.0,,3.0,,,,,2.0,1.0,1.0,,,,precalving,,,,2.0,,"{""type"":""MultiPoint"",""coordinates"":[]}"
32,LC3,31.0,180.0,5.0,35.0,,88.0,82.0,1.0,80.0,,191.0,27.0,,32.0,1.0,60.0,138.0,34.0,18.0,1.0,69.0,112.0,11.0,56.0,3.0,3.0,160.0,23.0,,67.0,1.0,76.0,50.0,,124.0,1.0,precalving,102.0,20.0,2.0,121.0,6.0,"{""type"":""MultiPoint"",""coordinates"":[]}"
33,LC4,189072.0,809045.0,16652.0,107573.0,3556.0,389923.0,356162.0,812.0,377891.0,1110.0,1043885.0,56750.0,170.0,24898.0,195.0,337824.0,715537.0,23526.0,48962.0,49.0,263951.0,462787.0,36828.0,346406.0,15926.0,3.0,713991.0,106420.0,3187.0,291876.0,10424.0,471052.0,339937.0,848.0,313253.0,808.0,precalving,189565.0,66185.0,1525.0,810421.0,58202.0,"{""type"":""MultiPoint"",""coordinates"":[]}"
34,LC5,88231.0,452878.0,10785.0,140099.0,1663.0,148272.0,265697.0,1630.0,276929.0,1128.0,621058.0,50289.0,304.0,21869.0,136.0,323941.0,312130.0,25970.0,31309.0,306.0,95063.0,337783.0,32595.0,215505.0,12710.0,3.0,286517.0,77973.0,1829.0,310041.0,17296.0,239166.0,234401.0,3113.0,214181.0,2795.0,precalving,176562.0,61803.0,893.0,423348.0,31050.0,"{""type"":""MultiPoint"",""coordinates"":[]}"
35,LC6,8624.0,45470.0,897.0,19303.0,485.0,19492.0,31692.0,572.0,22600.0,423.0,61690.0,8980.0,46.0,4036.0,27.0,29966.0,32587.0,7475.0,4679.0,72.0,9473.0,35312.0,3460.0,24537.0,1997.0,3.0,22962.0,6919.0,220.0,42162.0,2516.0,15134.0,21564.0,143.0,37565.0,373.0,precalving,31830.0,6057.0,160.0,34933.0,1799.0,"{""type"":""MultiPoint"",""coordinates"":[]}"
36,LC7,2185.0,10686.0,257.0,2245.0,20.0,3281.0,6416.0,5.0,5678.0,13.0,14420.0,730.0,1.0,241.0,1.0,11096.0,3492.0,413.0,391.0,1.0,2444.0,7784.0,338.0,4738.0,89.0,3.0,5741.0,3488.0,50.0,5900.0,214.0,5952.0,6020.0,186.0,3150.0,85.0,precalving,2152.0,1053.0,7.0,10593.0,1588.0,"{""type"":""MultiPoint"",""coordinates"":[]}"
37,LC8,46621.0,285202.0,9789.0,56585.0,531.0,70471.0,175985.0,1849.0,149484.0,939.0,286420.0,68923.0,530.0,42491.0,364.0,274347.0,70691.0,39719.0,13039.0,932.0,60545.0,205330.0,21603.0,108466.0,2784.0,3.0,86734.0,82394.0,2838.0,213715.0,13047.0,106313.0,133597.0,1839.0,154151.0,2828.0,precalving,85251.0,56181.0,1645.0,217537.0,38114.0,"{""type"":""MultiPoint"",""coordinates"":[]}"
38,LC9,30081.0,254703.0,6941.0,40371.0,93.0,59134.0,160215.0,590.0,111639.0,611.0,304557.0,21713.0,20.0,5888.0,11.0,203932.0,95209.0,23826.0,8825.0,397.0,37543.0,183967.0,14739.0,94662.0,1278.0,3.0,61398.0,40343.0,377.0,216086.0,13985.0,101641.0,90910.0,3152.0,130215.0,6271.0,precalving,69490.0,28667.0,197.0,209722.0,24113.0,"{""type"":""MultiPoint"",""coordinates"":[]}"
39,LC10,211897.0,120273.0,39463.0,40196.0,6568.0,102820.0,150239.0,676.0,163978.0,684.0,266924.0,87132.0,655.0,63291.0,395.0,408324.0,7790.0,1257.0,1023.0,3.0,226299.0,110959.0,23855.0,53119.0,4165.0,3.0,189104.0,128151.0,3680.0,96828.0,634.0,262780.0,103086.0,3184.0,48594.0,753.0,precalving,93812.0,130040.0,2083.0,180416.0,12046.0,"{""type"":""MultiPoint"",""coordinates"":[]}"
40,LC11,38418.0,344563.0,7223.0,53149.0,634.0,105182.0,188491.0,1540.0,147364.0,1410.0,408858.0,28365.0,106.0,6593.0,65.0,165235.0,243879.0,20109.0,14711.0,53.0,47919.0,237499.0,24539.0,125563.0,8467.0,3.0,122097.0,58302.0,1745.0,247977.0,13866.0,120167.0,141298.0,1467.0,179244.0,1811.0,precalving,108309.0,28374.0,533.0,292396.0,14375.0,"{""type"":""MultiPoint"",""coordinates"":[]}"
41,LC12,4.0,20.0,22.0,3.0,2.0,4.0,12.0,,34.0,1.0,49.0,2.0,,,,12.0,28.0,2.0,9.0,,12.0,12.0,8.0,17.0,2.0,3.0,35.0,9.0,,6.0,1.0,17.0,18.0,1.0,15.0,,precalving,15.0,13.0,1.0,22.0,,"{""type"":""MultiPoint"",""coordinates"":[]}"
42,LC13,16.0,,,,,15.0,1.0,,,,9.0,2.0,,5.0,,16.0,,,,,16.0,,,,,3.0,6.0,4.0,5.0,1.0,,14.0,,1.0,1.0,,precalving,16.0,,,,,"{""type"":""MultiPoint"",""coordinates"":[]}"
43,LC14,52950.0,10742.0,2470.0,3159.0,508.0,25693.0,24453.0,619.0,18609.0,455.0,52047.0,8310.0,58.0,9350.0,64.0,68555.0,1073.0,94.0,106.0,1.0,49035.0,13093.0,1768.0,5617.0,316.0,3.0,46327.0,14964.0,464.0,8030.0,44.0,55867.0,7681.0,147.0,5914.0,220.0,precalving,19466.0,25494.0,1111.0,23083.0,675.0,"{""type"":""MultiPoint"",""coordinates"":[]}"
44,LC15,1.0,,,,,1.0,,,,,1.0,,,,,1.0,,,,,1.0,,,,,3.0,1.0,,,,,1.0,,,,,precalving,1.0,,,,,"{""type"":""MultiPoint"",""coordinates"":[]}"
45,LC1,9213.0,11483.0,2610.0,1331.0,350.0,12477.0,4317.0,82.0,7755.0,356.0,22981.0,1407.0,7.0,582.0,10.0,6436.0,16658.0,971.0,919.0,3.0,17181.0,4491.0,263.0,2839.0,213.0,4.0,24831.0,75.0,10.0,67.0,4.0,14984.0,4745.0,8.0,5231.0,19.0,precalving,4884.0,1101.0,60.0,17507.0,1435.0,"{""type"":""MultiPoint"",""coordinates"":[]}"
46,LC2,,,,,,,,,,,,,,,,,,,,,,,,,,4.0,,,,,,,,,,,precalving,,,,,,"{""type"":""MultiPoint"",""coordinates"":[]}"
47,LC3,5.0,13.0,1.0,5.0,,13.0,4.0,,6.0,1.0,14.0,4.0,,6.0,,7.0,10.0,2.0,5.0,,12.0,8.0,1.0,2.0,1.0,4.0,15.0,2.0,,7.0,,11.0,3.0,,10.0,,precalving,8.0,1.0,,15.0,,"{""type"":""MultiPoint"",""coordinates"":[]}"
48,LC4,75099.0,305585.0,5881.0,43211.0,1313.0,140809.0,82640.0,78.0,207145.0,417.0,398765.0,21693.0,28.0,10592.0,11.0,123295.0,283392.0,8514.0,15881.0,7.0,98440.0,155591.0,8986.0,159235.0,8837.0,4.0,285694.0,28348.0,340.0,112511.0,4196.0,173330.0,164133.0,530.0,93026.0,70.0,precalving,67072.0,20354.0,219.0,320301.0,23143.0,"{""type"":""MultiPoint"",""coordinates"":[]}"
49,LC5,29143.0,161470.0,2958.0,48968.0,1387.0,43981.0,69879.0,1628.0,127580.0,858.0,217057.0,19882.0,24.0,6947.0,16.0,121125.0,105921.0,7369.0,9456.0,55.0,31559.0,109533.0,8507.0,89286.0,5041.0,4.0,78885.0,23853.0,260.0,129644.0,11284.0,88688.0,100018.0,2010.0,52806.0,404.0,precalving,49049.0,19141.0,109.0,158702.0,16925.0,"{""type"":""MultiPoint"",""coordinates"":[]}"
50,LC6,1208.0,9393.0,241.0,2936.0,57.0,2831.0,5096.0,111.0,5721.0,76.0,10944.0,2350.0,1.0,538.0,2.0,4851.0,6654.0,1525.0,797.0,8.0,1366.0,6533.0,542.0,4947.0,447.0,4.0,2693.0,1034.0,12.0,8986.0,1110.0,2503.0,5093.0,78.0,6127.0,34.0,precalving,4617.0,683.0,6.0,7911.0,618.0,"{""type"":""MultiPoint"",""coordinates"":[]}"
51,LC7,243.0,1431.0,15.0,341.0,3.0,327.0,735.0,,970.0,1.0,1917.0,100.0,,16.0,,1598.0,365.0,43.0,26.0,1.0,259.0,1045.0,14.0,700.0,15.0,4.0,723.0,519.0,5.0,773.0,13.0,567.0,1034.0,11.0,420.0,1.0,precalving,164.0,92.0,,1454.0,323.0,"{""type"":""MultiPoint"",""coordinates"":[]}"
52,LC8,7253.0,63082.0,1704.0,11423.0,157.0,12842.0,29312.0,656.0,40477.0,332.0,67204.0,11723.0,42.0,4602.0,48.0,57625.0,15565.0,7640.0,2573.0,216.0,9734.0,46408.0,6121.0,20748.0,608.0,4.0,16903.0,16557.0,262.0,46543.0,3354.0,21538.0,31702.0,615.0,29256.0,508.0,precalving,10443.0,6931.0,130.0,55004.0,11111.0,"{""type"":""MultiPoint"",""coordinates"":[]}"
53,LC9,15454.0,139006.0,3138.0,22090.0,254.0,28057.0,86190.0,838.0,64158.0,699.0,168782.0,9776.0,1.0,1379.0,4.0,124063.0,44507.0,8179.0,3097.0,96.0,21179.0,92912.0,6031.0,58929.0,891.0,4.0,23338.0,22487.0,173.0,123657.0,10287.0,66276.0,55487.0,3738.0,52752.0,1689.0,precalving,27948.0,13370.0,67.0,113791.0,24766.0,"{""type"":""MultiPoint"",""coordinates"":[]}"
54,LC10,48735.0,30137.0,8906.0,12406.0,2214.0,21894.0,30865.0,454.0,48971.0,214.0,67067.0,22077.0,86.0,13120.0,48.0,98607.0,3290.0,193.0,308.0,,50714.0,28774.0,5021.0,16489.0,1400.0,4.0,49068.0,30696.0,311.0,22061.0,262.0,63159.0,26049.0,1039.0,11909.0,242.0,precalving,19246.0,29739.0,592.0,49643.0,3178.0,"{""type"":""MultiPoint"",""coordinates"":[]}"
55,LC11,14438.0,151282.0,2050.0,23905.0,143.0,41987.0,55157.0,180.0,94172.0,322.0,176955.0,12577.0,12.0,2249.0,25.0,60039.0,116813.0,8026.0,6911.0,29.0,18145.0,92841.0,9278.0,65943.0,5611.0,4.0,46353.0,19895.0,227.0,116854.0,8489.0,47782.0,79631.0,1218.0,62941.0,246.0,precalving,37631.0,9182.0,64.0,133932.0,11009.0,"{""type"":""MultiPoint"",""coordinates"":[]}"
56,LC12,,,,1.0,,,,,1.0,,1.0,,,,,,1.0,,,,,,,1.0,,4.0,1.0,,,,,,1.0,,,,precalving,,,,,1.0,"{""type"":""MultiPoint"",""coordinates"":[]}"
57,LC13,10.0,,,,,8.0,1.0,,1.0,,6.0,1.0,,,3.0,10.0,,,,,10.0,,,,,4.0,3.0,1.0,6.0,,,8.0,1.0,,,1.0,precalving,8.0,,2.0,,,"{""type"":""MultiPoint"",""coordinates"":[]}"
58,LC14,15890.0,1936.0,473.0,707.0,103.0,7987.0,5262.0,240.0,5440.0,180.0,15145.0,2151.0,12.0,1767.0,34.0,18766.0,291.0,23.0,29.0,,15236.0,2528.0,251.0,1057.0,37.0,4.0,14440.0,3176.0,101.0,1372.0,20.0,15884.0,1569.0,44.0,1551.0,61.0,precalving,5204.0,7537.0,336.0,5907.0,125.0,"{""type"":""MultiPoint"",""coordinates"":[]}"
59,LC15,1.0,,1.0,,,1.0,1.0,,,,1.0,1.0,,,,2.0,,,,,2.0,,,,,4.0,1.0,,1.0,,,1.0,1.0,,,,precalving,1.0,,1.0,,,"{""type"":""MultiPoint"",""coordinates"":[]}"
